#
# There is insufficient memory for the Java Runtime Environment to continue.
# Native memory allocation (malloc) failed to allocate 1672176 bytes. Error detail: Chunk::new
# Possible reasons:
#   The system is out of physical RAM or swap space
#   This process is running with CompressedOops enabled, and the Java Heap may be blocking the growth of the native heap
# Possible solutions:
#   Reduce memory load on the system
#   Increase physical memory or swap space
#   Check if swap backing store is full
#   Decrease Java heap size (-Xmx/-Xms)
#   Decrease number of Java threads
#   Decrease Java thread stack sizes (-Xss)
#   Set larger code cache with -XX:ReservedCodeCacheSize=
#   JVM is running with Unscaled Compressed Oops mode in which the Java heap is
#     placed in the first 4GB address space. The Java Heap base address is the
#     maximum limit for the native heap growth. Please use -XX:HeapBaseMinAddress
#     to set the Java Heap base and to place the Java Heap above 4GB virtual address.
# This output file may be truncated or incomplete.
#
#  Out of Memory Error (arena.cpp:168), pid=16888, tid=10192
#
# JRE version: OpenJDK Runtime Environment Temurin-21.0.12.1+1 (21.0.12.1+1) (build 21.0.12.1+1-LTS)
# Java VM: OpenJDK 64-Bit Server VM Temurin-21.0.12.1+1 (21.0.12.1+1-LTS, mixed mode, sharing, tiered, compressed oops, compressed class ptrs, parallel gc, windows-amd64)
# No core dump will be written. Minidumps are not enabled by default on client versions of Windows
#

---------------  S U M M A R Y ------------

Command Line: --add-modules=ALL-SYSTEM --add-opens=java.base/java.util=ALL-UNNAMED --add-opens=java.base/java.lang=ALL-UNNAMED --add-opens=java.base/sun.nio.fs=ALL-UNNAMED -Declipse.application=org.eclipse.jdt.ls.core.id1 -Dosgi.bundles.defaultStartLevel=4 -Declipse.product=org.eclipse.jdt.ls.core.product -Djava.import.generatesMetadataFilesAtProjectRoot=false -Dm2e.project.cache.size=50 -DDetectVMInstallationsJob.disabled=true -Dfile.encoding=utf8 -XX:+UseParallelGC -XX:GCTimeRatio=4 -XX:AdaptiveSizePolicyWeight=90 -Dsun.zip.disableMemoryMapping=true -Xmx2G -Xms100m -Xlog:disable -javaagent:c:\Users\user\.vscode\extensions\redhat.java-1.56.0-win32-x64\lombok\lombok-1.18.39-4050.jar -XX:+HeapDumpOnOutOfMemoryError -XX:HeapDumpPath=c:\Users\user\AppData\Roaming\Code\User\workspaceStorage\9d9156ffb6426d8458dc70a5770c4c03\redhat.java -Daether.dependencyCollector.impl=bf c:\Users\user\.vscode\extensions\redhat.java-1.56.0-win32-x64\server\plugins\org.eclipse.equinox.launcher_1.8.0.v20260804-1928.jar -configuration c:\Users\user\AppData\Roaming\Code\User\globalStorage\redhat.java\1.56.0\config_win -data c:\Users\user\AppData\Roaming\Code\User\workspaceStorage\9d9156ffb6426d8458dc70a5770c4c03\redhat.java\jdt_ws --pipe=\\.\pipe\lsp-2234585e4f7b1bfb7fe672e4b078a53a-sock

Host: AMD Ryzen 3 3250U with Radeon Graphics         , 4 cores, 17G,  Windows 11 , 64 bit Build 26100 (10.0.26100.9444)
Time: Tue Sep 15 08:43:40 2026 Hora est. Pacífico, Sudamérica elapsed time: 46410.170257 seconds (0d 12h 53m 30s)

---------------  T H R E A D  ---------------

Current thread (0x00000281feb5a220):  JavaThread "C2 CompilerThread0" daemon [_thread_in_native, id=10192, stack(0x000000cd2aa00000,0x000000cd2ab00000) (1024K)]


Current CompileTask:
C2:46410170 20010       4       org.gradle.internal.time.ExponentialBackoff::retryUntil (65 bytes)

Stack: [0x000000cd2aa00000,0x000000cd2ab00000]
Native frames: (J=compiled Java code, j=interpreted, Vv=VM code, C=native code)
V  [jvm.dll+0x6d83e9]
V  [jvm.dll+0x8b5736]
V  [jvm.dll+0x8b7cee]
V  [jvm.dll+0x8b83d3]
V  [jvm.dll+0x284596]
V  [jvm.dll+0xc685d]
V  [jvm.dll+0xc6da1]
V  [jvm.dll+0x3bf151]
V  [jvm.dll+0x38b6d2]
V  [jvm.dll+0x38ab1a]
V  [jvm.dll+0x24c700]
V  [jvm.dll+0x24bce0]
V  [jvm.dll+0x1cb4ae]
V  [jvm.dll+0x25baad]
V  [jvm.dll+0x25a03a]
V  [jvm.dll+0x3f8aae]
V  [jvm.dll+0x8600cd]
V  [jvm.dll+0x6d6c1d]
C  [ucrtbase.dll+0x2cd30]
C  [KERNEL32.DLL+0x2cd87]
C  [ntdll.dll+0xacaec]


---------------  P R O C E S S  ---------------

Threads class SMR info:
_java_thread_list=0x00000281eb73c690, length=991, elements={
0x00000281f4efb7d0, 0x00000281f721c670, 0x00000281f721d590, 0x00000281feb519e0,
0x00000281feb52770, 0x00000281feb55380, 0x00000281feb573d0, 0x00000281feb5a220,
0x00000281febd8e10, 0x00000281ff93e420, 0x00000281ff9a8660, 0x00000281d46f3fe0,
0x00000281d463cff0, 0x00000281d45a8ce0, 0x00000281d45a9350, 0x00000281ff8c7150,
0x00000281d4800600, 0x00000281febbfba0, 0x00000281d4537710, 0x00000281d45369f0,
0x00000281d4535cd0, 0x00000281d47f8fd0, 0x00000281d47f6f00, 0x00000281d47f9660,
0x00000281d47f9cf0, 0x00000281d47f8940, 0x00000281d47fa380, 0x00000281d47f7590,
0x00000281d47f7c20, 0x00000281d47fde90, 0x00000281d47fb0a0, 0x00000281d47fe520,
0x00000281d47fd170, 0x00000281d47fcae0, 0x00000281d68b5cd0, 0x00000281d68b4920,
0x00000281d68b4fb0, 0x00000281d68b5640, 0x00000281d68b6360, 0x00000281d68b4290,
0x00000281d68b8430, 0x00000281d48af8c0, 0x00000281d48b1300, 0x00000281d48b26b0,
0x00000281d67e3150, 0x00000281d67e5220, 0x00000281d85b4890, 0x00000281d85b3b70,
0x00000281d85b7680, 0x00000281d67e1da0, 0x00000281d7902660, 0x00000281d79040a0,
0x00000281d7900c20, 0x00000281d79012b0, 0x00000281d7904730, 0x00000281d7906e90,
0x00000281e0a3e2b0, 0x00000281e0a3e940, 0x00000281e0a3c870, 0x00000281e0a42ae0,
0x00000281d7905450, 0x00000281e06b7b40, 0x00000281e06b9c10, 0x00000281e06bafc0,
0x00000281e06bb650, 0x00000281e06ba2a0, 0x00000281d79bdc20, 0x00000281d79be940,
0x00000281d79c1dc0, 0x00000281d79c3800, 0x00000281d79c2ae0, 0x00000281d67defb0,
0x00000281d67de920, 0x00000281d6298ba0, 0x00000281d6299230, 0x00000281d6296ad0,
0x00000281d6297e80, 0x00000281d629fb30, 0x00000281d62a0850, 0x00000281d62a3cd0,
0x00000281d85b5c40, 0x00000281d62a1570, 0x00000281d7900590, 0x00000281d7901fd0,
0x00000281e0a3d590, 0x00000281e1230ff0, 0x00000281e1230960, 0x00000281e1231680,
0x00000281e1236bd0, 0x00000281e06b46c0, 0x00000281e06b8860, 0x00000281d79be2b0,
0x00000281d79c0a10, 0x00000281d6295db0, 0x00000281d85cf8c0, 0x00000281d85cde80,
0x00000281d85d26b0, 0x00000281d85ceba0, 0x00000281d85d54a0, 0x00000281d85d33d0,
0x00000281d85d6ee0, 0x00000281d85d8fb0, 0x00000281d85d7570, 0x00000281d85dbda0,
0x00000281d85dc430, 0x00000281d629da60, 0x00000281e13889d0, 0x00000281e1388340,
0x00000281e138a410, 0x00000281e138d200, 0x00000281e138cb70, 0x00000281e138fff0,
0x00000281e1391a30, 0x00000281e1390d10, 0x00000281e138f2d0, 0x00000281e138d890,
0x00000281e1393b00, 0x00000281e1392de0, 0x00000281d85b6ff0, 0x00000281d67e1080,
0x00000281d67dfcd0, 0x00000281d629b990, 0x00000281d85ce510, 0x00000281e06b53e0,
0x00000281e1394190, 0x00000281d67de290, 0x00000281d85d9640, 0x00000281e0a43e90,
0x00000281d6296440, 0x00000281d85b0d80, 0x00000281d85b4200, 0x00000281d85b34e0,
0x00000281e1236540, 0x00000281e06ba930, 0x00000281d7907bb0, 0x00000281d48b2020,
0x00000281d85dd150, 0x00000281d85d05e0, 0x00000281e0a84380, 0x00000281e0a8ac80,
0x00000281e0a89240, 0x00000281e0a8c030, 0x00000281e0a8c6c0, 0x00000281e0a8b9a0,
0x00000281e0a8da70, 0x00000281e0a8a5f0, 0x00000281e0a8ee20, 0x00000281e0a8cd50,
0x00000281e0a84a10, 0x00000281e0a89f60, 0x00000281e0a898d0, 0x00000281e0a8f4b0,
0x00000281e0a901d0, 0x00000281e0a90860, 0x00000281e0a90ef0, 0x00000281e0a8e790,
0x00000281e0a92930, 0x00000281e0a92fc0, 0x00000281d629c6b0, 0x00000281e138aaa0,
0x00000281e0a88bb0, 0x00000281e0a8fb40, 0x00000281e1231d10, 0x00000281d79c10a0,
0x00000281e06b4d50, 0x00000281e0a8e100, 0x00000281e0a922a0, 0x00000281e0a91580,
0x00000281d85d8920, 0x00000281e1384ec0, 0x00000281d67df640, 0x00000281d62a1c00,
0x00000281e0a43170, 0x00000281d62977f0, 0x00000281e06b6790, 0x00000281d7b41380,
0x00000281d7b41a10, 0x00000281d7b40660, 0x00000281d7b420a0, 0x00000281d7b43ae0,
0x00000281d7b42dc0, 0x00000281d7b40cf0, 0x00000281d7b46f60, 0x00000281d7b47c80,
0x00000281d7b45520, 0x00000281d7b468d0, 0x00000281d7b475f0, 0x00000281d7b45bb0,
0x00000281d7b44e90, 0x00000281d7b4a3e0, 0x00000281d7b4aa70, 0x00000281d7b489a0,
0x00000281d7b48310, 0x00000281d7b4cb40, 0x00000281d7b4d860, 0x00000281d7b4be20,
0x00000281e0a86450, 0x00000281e0a3f660, 0x00000281d79c0380, 0x00000281e0a86ae0,
0x00000281d7903380, 0x00000281d896b3f0, 0x00000281d896db50, 0x00000281d896e870,
0x00000281d896ef00, 0x00000281d896c7a0, 0x00000281d896ce30, 0x00000281d8973730,
0x00000281d89730a0, 0x00000281d8971660, 0x00000281d8972a10, 0x00000281d89702b0,
0x00000281d8975170, 0x00000281d8974450, 0x00000281d8976bb0, 0x00000281d8970fd0,
0x00000281d897a030, 0x00000281d8977f60, 0x00000281d89799a0, 0x00000281d8979310,
0x00000281d7b42730, 0x00000281d7b496c0, 0x00000281d897a6c0, 0x00000281d8975e90,
0x00000281d7b4d1d0, 0x00000281e0a40a10, 0x00000281e0bd34b0, 0x00000281e0bd3b40,
0x00000281e0bd2e20, 0x00000281e0bd0d50, 0x00000281e0bd13e0, 0x00000281e0bd06c0,
0x00000281e0bd6fc0, 0x00000281e0bd7ce0, 0x00000281e0bd7650, 0x00000281e0bd4ef0,
0x00000281e0bd5c10, 0x00000281e0bd8a00, 0x00000281e0bd5580, 0x00000281e0bdcba0,
0x00000281e0bdd230, 0x00000281e0bdbe80, 0x00000281e0bddf50, 0x00000281e0bdf990,
0x00000281e0bd6930, 0x00000281e0bdd8c0, 0x00000281e0bd4860, 0x00000281e0be20f0,
0x00000281e0be2780, 0x00000281e0be3b30, 0x00000281e0be34a0, 0x00000281e0be0d40,
0x00000281e0be6290, 0x00000281e0be8360, 0x00000281e0be5c00, 0x00000281e0be9710,
0x00000281e0beb7e0, 0x00000281e0bebe70, 0x00000281e0bed8b0, 0x00000281e0bec500,
0x00000281e0be89f0, 0x00000281e0beb150, 0x00000281e0bee5d0, 0x00000281e0bef980,
0x00000281d8973dc0, 0x00000281d8971cf0, 0x00000281d8977240, 0x00000281d89778d0,
0x00000281d89785f0, 0x00000281e0be6920, 0x00000281e1233de0, 0x00000281e0be41c0,
0x00000281e08dc710, 0x00000281e08dcda0, 0x00000281e08dc080, 0x00000281e08de7e0,
0x00000281e08e22f0, 0x00000281e08de150, 0x00000281e08e0220, 0x00000281e08dd430,
0x00000281e08e08b0, 0x00000281e08e36a0, 0x00000281e08d9fb0, 0x00000281e08ddac0,
0x00000281e08e43c0, 0x00000281e08e3d30, 0x00000281e08e4a50, 0x00000281e08e1c60,
0x00000281e08e5e00, 0x00000281e08db360, 0x00000281e08e3010, 0x00000281e08e6b20,
0x00000281e08e50e0, 0x00000281e08e15d0, 0x00000281e08e71b0, 0x00000281e08e9910,
0x00000281e08e2980, 0x00000281e08eacc0, 0x00000281e08ec700, 0x00000281e08ecd90,
0x00000281e08e9fa0, 0x00000281e08ee7d0, 0x00000281e08ec070, 0x00000281e08ea630,
0x00000281e08ef4f0, 0x00000281e08dee70, 0x00000281e08eb9e0, 0x00000281e08e0f40,
0x00000281e08f22e0, 0x00000281e08eee60, 0x00000281e08efb80, 0x00000281e08f0210,
0x00000281e08edab0, 0x00000281e08f1c50, 0x00000281e08f3d20, 0x00000281e08f08a0,
0x00000281e08f6b10, 0x00000281e08f5760, 0x00000281e08f71a0, 0x00000281e08f0f30,
0x00000281e08f8550, 0x00000281e08f8be0, 0x00000281e08f6480, 0x00000281e08f15c0,
0x00000281e08ee140, 0x00000281e0bdec70, 0x00000281e0bd2100, 0x00000281d7b4c4b0,
0x00000281d7b49d50, 0x00000281e08f5df0, 0x00000281e08f43b0, 0x00000281e08f7ec0,
0x00000281e0a87800, 0x00000281e1385550, 0x00000281d67e09f0, 0x00000281d79bf660,
0x00000281d62a2fb0, 0x00000281e1235820, 0x00000281d7b49030, 0x00000281d85d2d40,
0x00000281e0be4ee0, 0x00000281d629ee10, 0x00000281d67e1710, 0x00000281d7b4ec10,
0x00000281d8976520, 0x00000281d67ddc00, 0x00000281e0bd1a70, 0x00000281e138f960,
0x00000281d7b4def0, 0x00000281e0be7640, 0x00000281d86037f0, 0x00000281d8601db0,
0x00000281d86086b0, 0x00000281d8603e80, 0x00000281d86058c0, 0x00000281d8609a60,
0x00000281d860cee0, 0x00000281d8604510, 0x00000281d860dc00, 0x00000281d860e290,
0x00000281d860e920, 0x00000281d860bb30, 0x00000281d860f640, 0x00000281d8610360,
0x00000281d860c1c0, 0x00000281d6297160, 0x00000281d62a4360, 0x00000281d8608020,
0x00000281d86109f0, 0x00000281d860fcd0, 0x00000281e08ed420, 0x00000281e08f3690,
0x00000281d7902cf0, 0x00000281d8605230, 0x00000281e0a42450, 0x00000281d860ae10,
0x00000281e06b9580, 0x00000281d7903a10, 0x00000281e12302d0, 0x00000281d8611080,
0x00000281d85b1410, 0x00000281d4536360, 0x00000281e0a43800, 0x00000281d68b9150,
0x00000281d85d4780, 0x00000281d7781050, 0x00000281d7781d70, 0x00000281d7782a90,
0x00000281d7783120, 0x00000281d77844d0, 0x00000281d7783e40, 0x00000281d7785f10,
0x00000281d77672e0, 0x00000281d7769a40, 0x00000281d77837b0, 0x00000281d776a760,
0x00000281d7768000, 0x00000281d776bb10, 0x00000281d776c1a0, 0x00000281d776d550,
0x00000281d776e270, 0x00000281d776adf0, 0x00000281d776dbe0, 0x00000281d776b480,
0x00000281d7771d80, 0x00000281d776ef90, 0x00000281d776f620, 0x00000281d776fcb0,
0x00000281d7772aa0, 0x00000281d7773130, 0x00000281d776e900, 0x00000281d7777ff0,
0x00000281d77737c0, 0x00000281d7773e50, 0x00000281d7774b70, 0x00000281d7775f20,
0x00000281d7778680, 0x00000281d7772410, 0x00000281d777a750, 0x00000281d7779a30,
0x00000281d7767970, 0x00000281d77772d0, 0x00000281d77744e0, 0x00000281d7776c40,
0x00000281d7771060, 0x00000281d776a0d0, 0x00000281d777ade0, 0x00000281d777e8f0,
0x00000281d777b470, 0x00000281d7780330, 0x00000281d777fca0, 0x00000281d777f610,
0x00000281d7784b60, 0x00000281d77816e0, 0x00000281d777c190, 0x00000281d7782400,
0x00000281d777ceb0, 0x00000281d6298510, 0x00000281d777dbd0, 0x00000281d77716f0,
0x00000281d77809c0, 0x00000281e0a85730, 0x00000281d7907520, 0x00000281d776c830,
0x00000281e0a3cf00, 0x00000281e749acf0, 0x00000281e7497870, 0x00000281e749ba10,
0x00000281e749c0a0, 0x00000281e749c730, 0x00000281e7499940, 0x00000281e749b380,
0x00000281e7497f00, 0x00000281e7498590, 0x00000281e74a08d0, 0x00000281e749dae0,
0x00000281e749ee90, 0x00000281e74a1c80, 0x00000281e74a29a0, 0x00000281e749f520,
0x00000281e7463700, 0x00000281e7463070, 0x00000281e74a3030, 0x00000281e7465e60,
0x00000281e7467210, 0x00000281e74678a0, 0x00000281e7463d90, 0x00000281e7464420,
0x00000281e74685c0, 0x00000281e74692e0, 0x00000281e746ba40, 0x00000281e746c0d0,
0x00000281e746e1a0, 0x00000281e746ad20, 0x00000281e746cdf0, 0x00000281e7470270,
0x00000281e746f550, 0x00000281e7472340, 0x00000281e746fbe0, 0x00000281e746db10,
0x00000281e7471620, 0x00000281e74729d0, 0x00000281e746d480, 0x00000281e7474aa0,
0x00000281e74757c0, 0x00000281e7471cb0, 0x00000281e7475e50, 0x00000281e7476b70,
0x00000281e7473060, 0x00000281e7475130, 0x00000281e7479960, 0x00000281e7477200,
0x00000281e7478c40, 0x00000281e74785b0, 0x00000281e7479ff0, 0x00000281e74792d0,
0x00000281e747ba30, 0x00000281e747e190, 0x00000281e747d470, 0x00000281e747e820,
0x00000281e747f540, 0x00000281e74836e0, 0x00000281e7481610, 0x00000281e7480260,
0x00000281e7483d70, 0x00000281e7484400, 0x00000281e7485120, 0x00000281e747eeb0,
0x00000281e74857b0, 0x00000281e74829c0, 0x00000281e7487880, 0x00000281e7487f10,
0x00000281e74864d0, 0x00000281e7486b60, 0x00000281e748ba20, 0x00000281e748c740,
0x00000281e748b390, 0x00000281e7481ca0, 0x00000281e748daf0, 0x00000281e7489fe0,
0x00000281e74908e0, 0x00000281e7490f70, 0x00000281e748e180, 0x00000281e7488c30,
0x00000281e74885a0, 0x00000281e74871f0, 0x00000281e7484a90, 0x00000281e74808f0,
0x00000281e7490250, 0x00000281e748fbc0, 0x00000281e74943f0, 0x00000281e74936d0,
0x00000281e7495e30, 0x00000281e748c0b0, 0x00000281e7495110, 0x00000281e7493d60,
0x00000281e74964c0, 0x00000281e7496b50, 0x00000281e74a36c0, 0x00000281e7464ab0,
0x00000281e74971e0, 0x00000281e74a2310, 0x00000281e7465140, 0x00000281e746a000,
0x00000281e7470f90, 0x00000281e746e830, 0x00000281e7473d80, 0x00000281e74764e0,
0x00000281d48b0c70, 0x00000281e7470900, 0x00000281e747b3a0, 0x00000281e7469970,
0x00000281e748cdd0, 0x00000281e747a680, 0x00000281d68bab90, 0x00000281d85b62d0,
0x00000281d68b9e70, 0x00000281e747c750, 0x00000281e0a41dc0, 0x00000281d79c1730,
0x00000281d77793a0, 0x00000281d85d6850, 0x00000281d85d3a60, 0x00000281d47fc450,
0x00000281e7482330, 0x00000281e7492320, 0x00000281e749e170, 0x00000281d629a5e0,
0x00000281d62a2920, 0x00000281d67e4500, 0x00000281e7493040, 0x00000281e06b5a70,
0x00000281d629ac70, 0x00000281d68b8ac0, 0x00000281e8a36e50, 0x00000281e8a37b70,
0x00000281e8a367c0, 0x00000281e8a3a960, 0x00000281e8a3aff0, 0x00000281e8a3b680,
0x00000281e8a3bd10, 0x00000281e8a3c3a0, 0x00000281e8a3ca30, 0x00000281e8a3a2d0,
0x00000281e8a3d0c0, 0x00000281e8a3eb00, 0x00000281e8a41260, 0x00000281e8a395b0,
0x00000281e8a3d750, 0x00000281e8a44050, 0x00000281e8a446e0, 0x00000281e8a3dde0,
0x00000281e8a439c0, 0x00000281e8a48f10, 0x00000281e8a46e40, 0x00000281e8a48880,
0x00000281e8a467b0, 0x00000281e8a42610, 0x00000281e8a47b60, 0x00000281e8a474d0,
0x00000281e8a481f0, 0x00000281e8a45a90, 0x00000281e8a4bd00, 0x00000281e8a4a950,
0x00000281e8a4d0b0, 0x00000281e8a49c30, 0x00000281e8a46120, 0x00000281e8a4afe0,
0x00000281e8a4eaf0, 0x00000281e8a38200, 0x00000281e8a52c90, 0x00000281e8a51f70,
0x00000281e8a539b0, 0x00000281e8a51250, 0x00000281e8a54d60, 0x00000281e8a546d0,
0x00000281e8a58f00, 0x00000281e8a553f0, 0x00000281e8a52600, 0x00000281e8a59c20,
0x00000281e8a59590, 0x00000281e8a5ddc0, 0x00000281e8a56e30, 0x00000281e8a5d730,
0x00000281e8a5d0a0, 0x00000281e8a5b660, 0x00000281e8a581e0, 0x00000281e8a5ca10,
0x00000281e8a5a2b0, 0x00000281e8a61240, 0x00000281e8a5f170, 0x00000281e8a618d0,
0x00000281e8a60520, 0x00000281e8a5fe90, 0x00000281e8a639a0, 0x00000281e8a60bb0,
0x00000281e8a5afd0, 0x00000281e8a62c80, 0x00000281e8a65a70, 0x00000281e8a67b40,
0x00000281e8a5bcf0, 0x00000281e8a66790, 0x00000281e8a63310, 0x00000281e8a6ca00,
0x00000281e8a68860, 0x00000281e8a6d720, 0x00000281e8a6ead0, 0x00000281e8a6f7f0,
0x00000281e8a6b650, 0x00000281e8a6ddb0, 0x00000281e8a73300, 0x00000281e8a71230,
0x00000281e8a6d090, 0x00000281e8a70ba0, 0x00000281e8a6c370, 0x00000281e8a75a60,
0x00000281e8a72c70, 0x00000281e8a760f0, 0x00000281e8a718c0, 0x00000281e8a70510,
0x00000281e8a753d0, 0x00000281e8a725e0, 0x00000281e8a74020, 0x00000281e8a76780,
0x00000281e8a40bd0, 0x00000281e8a495a0, 0x00000281e8a4fea0, 0x00000281e8a746b0,
0x00000281e8a57b50, 0x00000281e8a38f20, 0x00000281e8a5f800, 0x00000281e8a50530,
0x00000281e8a681d0, 0x00000281e8a55a80, 0x00000281e8a66e20, 0x00000281e8a68ef0,
0x00000281d85cff50, 0x00000281d85d0c70, 0x00000281d85d61c0, 0x00000281e138c4e0,
0x00000281e1390680, 0x00000281d8602ad0, 0x00000281e8a5a940, 0x00000281e8a6a2a0,
0x00000281e8a64d50, 0x00000281e138df20, 0x00000281e1393470, 0x00000281e0be06b0,
0x00000281e746b3b0, 0x00000281d629b300, 0x00000281d85d1300, 0x00000281e749a660,
0x00000281e1387620, 0x00000281e1392750, 0x00000281d62a2290, 0x00000281e0a88520,
0x00000281e12323a0, 0x00000281d7b4b100, 0x00000281e74736f0, 0x00000281e08e8bf0,
0x00000281eafb2090, 0x00000281eafb4160, 0x00000281eafb6f50, 0x00000281eafb75e0,
0x00000281eafb47f0, 0x00000281eafb2720, 0x00000281eafb68c0, 0x00000281eafb7c70,
0x00000281eafb2db0, 0x00000281eafb9020, 0x00000281eafb8300, 0x00000281eafbc4a0,
0x00000281eafbcb30, 0x00000281eafb8990, 0x00000281eafb5510, 0x00000281eafbd1c0,
0x00000281eafbb780, 0x00000281eafc1360, 0x00000281eafbf920, 0x00000281eafbffb0,
0x00000281eafbf290, 0x00000281eafc0640, 0x00000281eafb96b0, 0x00000281eafc0cd0,
0x00000281eafc2710, 0x00000281eafc3ac0, 0x00000281eafc19f0, 0x00000281eafc2da0,
0x00000281eafbdee0, 0x00000281eafbec00, 0x00000281eafc5500, 0x00000281eafc5b90,
0x00000281eafc6f40, 0x00000281eafbb0f0, 0x00000281eafc75d0, 0x00000281eafc4150,
0x00000281eafc96a0, 0x00000281eafc9010, 0x00000281eafc68b0, 0x00000281eafcb770,
0x00000281eafc9d30, 0x00000281eafca3c0, 0x00000281eafc6220, 0x00000281eafcb0e0,
0x00000281eafc82f0, 0x00000281eafc4e70, 0x00000281eafcc490, 0x00000281eafcf910,
0x00000281eafcd1b0, 0x00000281eafccb20, 0x00000281eafd0630, 0x00000281eafd0cc0,
0x00000281eafce560, 0x00000281eafcd840, 0x00000281eafcebf0, 0x00000281eafd3420,
0x00000281eafb3ad0, 0x00000281eafb4e80, 0x00000281eafbbe10, 0x00000281eafbe570,
0x00000281eafc2080, 0x00000281eafc7c60, 0x00000281eafc8980, 0x00000281eafba3d0,
0x00000281eafd2070, 0x00000281eafd3ab0, 0x00000281eafd2700, 0x00000281eafd2d90,
0x00000281eafd47d0, 0x00000281eafcaa50, 0x00000281eafd82e0, 0x00000281eafd19e0,
0x00000281eafda3b0, 0x00000281eafd6f30, 0x00000281eafd75c0, 0x00000281eafd9000,
0x00000281eafd54f0, 0x00000281eafd68a0, 0x00000281eafd9d20, 0x00000281eafd7c50,
0x00000281eafdaa40, 0x00000281eafdb760, 0x00000281eafdb0d0, 0x00000281eafdc480,
0x00000281eafdebe0, 0x00000281eafdcb10, 0x00000281eafdd1a0, 0x00000281eafdff90,
0x00000281eafe0620, 0x00000281eafd9690, 0x00000281eafe26f0, 0x00000281eafe3410,
0x00000281eafdbdf0, 0x00000281eafe19d0, 0x00000281eafdf900, 0x00000281eafe6200,
0x00000281eafe5b70, 0x00000281eafe0cb0, 0x00000281eafe9d10, 0x00000281eafe9680,
0x00000281eafe7c40, 0x00000281eafebde0, 0x00000281eafe8ff0, 0x00000281eafe6f20,
0x00000281eafea3a0, 0x00000281eafeb0c0, 0x00000281eafe82d0, 0x00000281eafef8f0,
0x00000281eafedeb0, 0x00000281e747cde0, 0x00000281e748a670, 0x00000281e1389d80,
0x00000281e138e5b0, 0x00000281e138be50, 0x00000281e8a56110, 0x00000281e8a74d40,
0x00000281e8a6e440, 0x00000281e8a44d70, 0x00000281e8a4c390, 0x00000281e8a58870,
0x00000281d85d40f0, 0x00000281d85da360, 0x00000281d85da9f0, 0x00000281eafeaa30,
0x00000281eafec470, 0x00000281eafc47e0, 0x00000281e0be4850, 0x00000281e747fbd0,
0x00000281e7477f20, 0x00000281d85d2020, 0x00000281e0bdf300, 0x00000281d8604ba0,
0x00000281e0a83cf0, 0x00000281eae030c0, 0x00000281eae04b00, 0x00000281eae01680,
0x00000281eae0a050, 0x00000281eae13740, 0x00000281eae13dd0, 0x00000281eae1d4c0,
0x00000281eae22a10, 0x00000281eae21660, 0x00000281eae18c90, 0x00000281eae22380,
0x00000281eae21cf0, 0x00000281eae2f580, 0x00000281eae31ce0, 0x00000281eae34440,
0x00000281eae27f60, 0x00000281eae3c0f0, 0x00000281eae35e80, 0x00000281eae3ce10,
0x00000281eae39990, 0x00000281eae40920, 0x00000281eae09330, 0x00000281eae07260,
0x00000281eae1fc20, 0x00000281eae23730, 0x00000281eae1ce30, 0x00000281eae299a0,
0x00000281eae27240, 0x00000281eae30fc0, 0x00000281eae33090, 0x00000281eae3db30,
0x00000281eae08ca0, 0x00000281eae3e1c0, 0x00000281eae1e1e0, 0x00000281eae25e90,
0x00000281eae0ce40, 0x00000281eae0db60, 0x00000281eae2a030, 0x00000281eae2ba70,
0x00000281eae36510, 0x00000281eae3a020, 0x00000281eae3eee0, 0x00000281eae31650,
0x00000281eae0fc30, 0x00000281eae202b0, 0x00000281eae05eb0, 0x00000281eae0e880,
0x00000281eae102c0, 0x00000281eae14460, 0x00000281eae15ea0, 0x00000281eae14af0,
0x00000281eae16bc0, 0x00000281eae385e0, 0x00000281eae3fc00, 0x00000281eae36ba0,
0x00000281eae06540, 0x00000281eae0ad70, 0x00000281eae1ad60, 0x00000281eae03de0,
0x00000281eae04470, 0x00000281eae2eef0, 0x00000281eae32a00, 0x00000281eafe4e50,
0x00000281e0bea430, 0x00000281e0bdc510, 0x00000281e746a690, 0x00000281e748e810,
0x00000281e8a653e0, 0x00000281e8a3f820, 0x00000281e138b130, 0x00000281e138ec40,
0x00000281e13913a0, 0x00000281eae378c0, 0x00000281eae3ba60, 0x00000281e7498c20,
0x00000281d8602440, 0x00000281d8608d40, 0x00000281d8605f50, 0x00000281d8607990,
0x00000281d8606c70, 0x00000281d860c850, 0x00000281d860a780, 0x00000281d860efb0,
0x00000281eae39300, 0x00000281eae01d10, 0x00000281e8a64030, 0x00000281e8a6fe80,
0x00000281e8a6f160, 0x00000281eafb5ba0, 0x00000281eafb6230, 0x00000281eafbaa60,
0x00000281eafbd850, 0x00000281eae1ba80, 0x00000281eae278d0, 0x00000281eae24ae0,
0x00000281eae29310, 0x00000281eae3e850, 0x00000281e749d450, 0x00000281e74992b0,
0x00000281e749cdc0, 0x00000281e74664f0, 0x00000281d896c110, 0x00000281d896d4c0,
0x00000281d896fc20, 0x00000281d8970940, 0x00000281e8a518e0, 0x00000281e8a418f0,
0x00000281eae3c780, 0x00000281eae06bd0, 0x00000281eae3a6b0, 0x00000281eae357f0,
0x00000281eae0c7b0, 0x00000281eae26bb0, 0x00000281eae2c100, 0x00000281eae2ce20,
0x00000281eae2d4b0, 0x00000281eae2b3e0, 0x00000281eae1f590, 0x00000281eae1ef00,
0x00000281eae25170, 0x00000281eae30930, 0x00000281e8a646c0, 0x00000281e8a69c10,
0x00000281e8a6bce0, 0x00000281e8a39c40, 0x00000281e8a5e450, 0x00000281e8a6afc0,
0x00000281e8a567a0, 0x00000281e8a574c0, 0x00000281e8a374e0, 0x00000281e8a674b0,
0x00000281e8a41f80, 0x00000281e8a3feb0, 0x00000281e8a3f190, 0x00000281e8a4ca20,
0x00000281e8a4f180, 0x00000281e0bd2790, 0x00000281e0bda440, 0x00000281e0be0020,
0x00000281e0bed220, 0x00000281eae1e870, 0x00000281eae1c110, 0x00000281eae1db50,
0x00000281eae230a0, 0x00000281eae00ff0, 0x00000281eae20940, 0x00000281eae26520,
0x00000281eae05190, 0x00000281eae03750, 0x00000281eae078f0, 0x00000281eae07f80,
0x00000281eae023a0, 0x00000281eae05820, 0x00000281eae08610, 0x00000281eae24450,
0x00000281eae37230, 0x00000281eae1c7a0, 0x00000281eae20fd0
}

Java Threads: ( => current thread )
  0x00000281f4efb7d0 JavaThread "main"                              [_thread_blocked, id=20832, stack(0x000000cd2a000000,0x000000cd2a100000) (1024K)]
  0x00000281f721c670 JavaThread "Reference Handler"          daemon [_thread_blocked, id=20344, stack(0x000000cd2a400000,0x000000cd2a500000) (1024K)]
  0x00000281f721d590 JavaThread "Finalizer"                  daemon [_thread_blocked, id=16828, stack(0x000000cd2a500000,0x000000cd2a600000) (1024K)]
  0x00000281feb519e0 JavaThread "Signal Dispatcher"          daemon [_thread_blocked, id=16368, stack(0x000000cd2a600000,0x000000cd2a700000) (1024K)]
  0x00000281feb52770 JavaThread "Attach Listener"            daemon [_thread_blocked, id=18568, stack(0x000000cd2a700000,0x000000cd2a800000) (1024K)]
  0x00000281feb55380 JavaThread "Service Thread"             daemon [_thread_blocked, id=12952, stack(0x000000cd2a800000,0x000000cd2a900000) (1024K)]
  0x00000281feb573d0 JavaThread "Monitor Deflation Thread"   daemon [_thread_blocked, id=19052, stack(0x000000cd2a900000,0x000000cd2aa00000) (1024K)]
=>0x00000281feb5a220 JavaThread "C2 CompilerThread0"         daemon [_thread_in_native, id=10192, stack(0x000000cd2aa00000,0x000000cd2ab00000) (1024K)]
  0x00000281febd8e10 JavaThread "C1 CompilerThread0"         daemon [_thread_blocked, id=16024, stack(0x000000cd2ab00000,0x000000cd2ac00000) (1024K)]
  0x00000281ff93e420 JavaThread "Common-Cleaner"             daemon [_thread_blocked, id=20132, stack(0x000000cd2ac00000,0x000000cd2ad00000) (1024K)]
  0x00000281ff9a8660 JavaThread "Notification Thread"        daemon [_thread_blocked, id=18188, stack(0x000000cd2ad00000,0x000000cd2ae00000) (1024K)]
  0x00000281d46f3fe0 JavaThread "Active Thread: Equinox Container: 42678512-029e-43f8-ac46-6f41333f3b8f"        [_thread_blocked, id=37000, stack(0x000000cd2ae00000,0x000000cd2af00000) (1024K)]
  0x00000281d463cff0 JavaThread "Refresh Thread: Equinox Container: 42678512-029e-43f8-ac46-6f41333f3b8f" daemon [_thread_blocked, id=19640, stack(0x000000cd2b200000,0x000000cd2b300000) (1024K)]
  0x00000281d45a8ce0 JavaThread "Framework Event Dispatcher: Equinox Container: 42678512-029e-43f8-ac46-6f41333f3b8f" daemon [_thread_blocked, id=21516, stack(0x000000cd2b300000,0x000000cd2b400000) (1024K)]
  0x00000281d45a9350 JavaThread "Start Level: Equinox Container: 42678512-029e-43f8-ac46-6f41333f3b8f" daemon [_thread_blocked, id=2120, stack(0x000000cd2b400000,0x000000cd2b500000) (1024K)]
  0x00000281ff8c7150 JavaThread "Bundle File Closer"         daemon [_thread_blocked, id=25432, stack(0x000000cd2b500000,0x000000cd2b600000) (1024K)]
  0x00000281d4800600 JavaThread "SCR Component Actor"        daemon [_thread_blocked, id=20340, stack(0x000000cd2b600000,0x000000cd2b700000) (1024K)]
  0x00000281febbfba0 JavaThread "Worker-JM"                         [_thread_blocked, id=25864, stack(0x000000cd2b700000,0x000000cd2b800000) (1024K)]
  0x00000281d4537710 JavaThread "JNA Cleaner"                daemon [_thread_blocked, id=26260, stack(0x000000cd2b800000,0x000000cd2b900000) (1024K)]
  0x00000281d45369f0 JavaThread "Worker-2: Initialize workspace"        [_thread_blocked, id=19504, stack(0x000000cd2bb00000,0x000000cd2bc00000) (1024K)]
  0x00000281d4535cd0 JavaThread "Java indexing"              daemon [_thread_blocked, id=1176, stack(0x000000cd2bd00000,0x000000cd2be00000) (1024K)]
  0x00000281d47f8fd0 JavaThread "Thread-1"                   daemon [_thread_in_native, id=33064, stack(0x000000cd2c200000,0x000000cd2c300000) (1024K)]
  0x00000281d47f6f00 JavaThread "Thread-2"                   daemon [_thread_in_native, id=38012, stack(0x000000cd2c300000,0x000000cd2c400000) (1024K)]
  0x00000281d47f9660 JavaThread "Thread-3"                   daemon [_thread_in_native, id=36712, stack(0x000000cd2c400000,0x000000cd2c500000) (1024K)]
  0x00000281d47f9cf0 JavaThread "Thread-4"                   daemon [_thread_in_native, id=23980, stack(0x000000cd2c500000,0x000000cd2c600000) (1024K)]
  0x00000281d47f8940 JavaThread "Thread-5"                   daemon [_thread_in_native, id=21460, stack(0x000000cd2c600000,0x000000cd2c700000) (1024K)]
  0x00000281d47fa380 JavaThread "pool-2-thread-1"                   [_thread_blocked, id=38704, stack(0x000000cd2c700000,0x000000cd2c800000) (1024K)]
  0x00000281d47f7590 JavaThread "WorkspaceEventsHandler"            [_thread_blocked, id=13824, stack(0x000000cd2c800000,0x000000cd2c900000) (1024K)]
  0x00000281d47f7c20 JavaThread "pool-1-thread-1"                   [_thread_blocked, id=40120, stack(0x000000cd2c900000,0x000000cd2ca00000) (1024K)]
  0x00000281d47fde90 JavaThread "PatternSearchJob-worker-1"  daemon [_thread_blocked, id=24052, stack(0x000000cd2c100000,0x000000cd2c200000) (1024K)]
  0x00000281d47fb0a0 JavaThread "PatternSearchJob-worker-2"  daemon [_thread_blocked, id=39500, stack(0x000000cd2ca00000,0x000000cd2cb00000) (1024K)]
  0x00000281d47fe520 JavaThread "PatternSearchJob-worker-3"  daemon [_thread_blocked, id=25276, stack(0x000000cd2cb00000,0x000000cd2cc00000) (1024K)]
  0x00000281d47fd170 JavaThread "Timer-0"                           [_thread_blocked, id=35104, stack(0x000000cd2cd00000,0x000000cd2ce00000) (1024K)]
  0x00000281d47fcae0 JavaThread "Timer-1"                           [_thread_blocked, id=2704, stack(0x000000cd2cf00000,0x000000cd2d000000) (1024K)]
  0x00000281d68b5cd0 JavaThread "Worker-6: Initialize workspace"        [_thread_blocked, id=14664, stack(0x000000cd2d000000,0x000000cd2d100000) (1024K)]
  0x00000281d68b4920 JavaThread "Timer-2"                           [_thread_blocked, id=14072, stack(0x000000cd2d400000,0x000000cd2d500000) (1024K)]
  0x00000281d68b4fb0 JavaThread "Timer-3"                           [_thread_blocked, id=33532, stack(0x000000cd2d600000,0x000000cd2d700000) (1024K)]
  0x00000281d68b5640 JavaThread "Timer-4"                           [_thread_blocked, id=14960, stack(0x000000cd2d500000,0x000000cd2d600000) (1024K)]
  0x00000281d68b6360 JavaThread "Worker-9: Initialize workspace"        [_thread_blocked, id=29120, stack(0x000000cd2d300000,0x000000cd2d400000) (1024K)]
  0x00000281d68b4290 JavaThread "Timer-5"                           [_thread_blocked, id=18592, stack(0x000000cd2da00000,0x000000cd2db00000) (1024K)]
  0x00000281d68b8430 JavaThread "Timer-6"                           [_thread_blocked, id=38564, stack(0x000000cd2de00000,0x000000cd2df00000) (1024K)]
  0x00000281d48af8c0 JavaThread "Timer-7"                           [_thread_blocked, id=3508, stack(0x000000cd2e600000,0x000000cd2e700000) (1024K)]
  0x00000281d48b1300 JavaThread "Worker-11: Initialize workspace"        [_thread_blocked, id=6072, stack(0x000000cd2e900000,0x000000cd2ea00000) (1024K)]
  0x00000281d48b26b0 JavaThread "Timer-8"                           [_thread_blocked, id=33784, stack(0x000000cd29e00000,0x000000cd29f00000) (1024K)]
  0x00000281d67e3150 JavaThread "Worker-12: Initialize workspace"        [_thread_blocked, id=12356, stack(0x000000cd2f000000,0x000000cd2f100000) (1024K)]
  0x00000281d67e5220 JavaThread "Timer-9"                           [_thread_blocked, id=34536, stack(0x000000cd2fa00000,0x000000cd2fb00000) (1024K)]
  0x00000281d85b4890 JavaThread "Timer-10"                          [_thread_blocked, id=33340, stack(0x000000cd30000000,0x000000cd30100000) (1024K)]
  0x00000281d85b3b70 JavaThread "Timer-11"                          [_thread_blocked, id=25564, stack(0x000000cd30500000,0x000000cd30600000) (1024K)]
  0x00000281d85b7680 JavaThread "Timer-12"                          [_thread_blocked, id=18304, stack(0x000000cd30900000,0x000000cd30a00000) (1024K)]
  0x00000281d67e1da0 JavaThread "Worker-17: Initialize workspace"        [_thread_blocked, id=26636, stack(0x000000cd30800000,0x000000cd30900000) (1024K)]
  0x00000281d7902660 JavaThread "Timer-13"                          [_thread_blocked, id=34504, stack(0x000000cd30700000,0x000000cd30800000) (1024K)]
  0x00000281d79040a0 JavaThread "Worker-19: Initialize workspace"        [_thread_blocked, id=27296, stack(0x000000cd30f00000,0x000000cd31000000) (1024K)]
  0x00000281d7900c20 JavaThread "Worker-20: Initialize workspace"        [_thread_blocked, id=23028, stack(0x000000cd31100000,0x000000cd31200000) (1024K)]
  0x00000281d79012b0 JavaThread "Timer-14"                          [_thread_blocked, id=27988, stack(0x000000cd31600000,0x000000cd31700000) (1024K)]
  0x00000281d7904730 JavaThread "Worker-23: Initialize workspace"        [_thread_blocked, id=14264, stack(0x000000cd31b00000,0x000000cd31c00000) (1024K)]
  0x00000281d7906e90 JavaThread "Timer-15"                          [_thread_blocked, id=12560, stack(0x000000cd31d00000,0x000000cd31e00000) (1024K)]
  0x00000281e0a3e2b0 JavaThread "Timer-16"                          [_thread_blocked, id=34184, stack(0x000000cd32300000,0x000000cd32400000) (1024K)]
  0x00000281e0a3e940 JavaThread "Worker-25: Initialize workspace"        [_thread_blocked, id=39708, stack(0x000000cd31a00000,0x000000cd31b00000) (1024K)]
  0x00000281e0a3c870 JavaThread "Timer-17"                          [_thread_blocked, id=3112, stack(0x000000cd32700000,0x000000cd32800000) (1024K)]
  0x00000281e0a42ae0 JavaThread "Timer-18"                          [_thread_blocked, id=8052, stack(0x000000cd33000000,0x000000cd33100000) (1024K)]
  0x00000281d7905450 JavaThread "Worker-29: Initialize workspace"        [_thread_blocked, id=32176, stack(0x000000cd32e00000,0x000000cd32f00000) (1024K)]
  0x00000281e06b7b40 JavaThread "Timer-19"                          [_thread_blocked, id=25836, stack(0x000000cd33500000,0x000000cd33600000) (1024K)]
  0x00000281e06b9c10 JavaThread "Timer-20"                          [_thread_blocked, id=14568, stack(0x000000cd33200000,0x000000cd33300000) (1024K)]
  0x00000281e06bafc0 JavaThread "Timer-21"                          [_thread_blocked, id=30964, stack(0x000000cd34100000,0x000000cd34200000) (1024K)]
  0x00000281e06bb650 JavaThread "Worker-35: Initialize workspace"        [_thread_blocked, id=35324, stack(0x000000cd34000000,0x000000cd34100000) (1024K)]
  0x00000281e06ba2a0 JavaThread "Worker-36: Initialize workspace"        [_thread_blocked, id=28128, stack(0x000000cd34300000,0x000000cd34400000) (1024K)]
  0x00000281d79bdc20 JavaThread "Timer-22"                          [_thread_blocked, id=19472, stack(0x000000cd34700000,0x000000cd34800000) (1024K)]
  0x00000281d79be940 JavaThread "Timer-23"                          [_thread_blocked, id=40924, stack(0x000000cd34500000,0x000000cd34600000) (1024K)]
  0x00000281d79c1dc0 JavaThread "Timer-24"                          [_thread_blocked, id=22412, stack(0x000000cd35000000,0x000000cd35100000) (1024K)]
  0x00000281d79c3800 JavaThread "Timer-25"                          [_thread_blocked, id=23832, stack(0x000000cd35200000,0x000000cd35300000) (1024K)]
  0x00000281d79c2ae0 JavaThread "Timer-26"                          [_thread_blocked, id=22952, stack(0x000000cd35400000,0x000000cd35500000) (1024K)]
  0x00000281d67defb0 JavaThread "Timer-27"                          [_thread_blocked, id=28816, stack(0x000000cd35700000,0x000000cd35800000) (1024K)]
  0x00000281d67de920 JavaThread "Timer-28"                          [_thread_blocked, id=20476, stack(0x000000cd35500000,0x000000cd35600000) (1024K)]
  0x00000281d6298ba0 JavaThread "Timer-29"                          [_thread_blocked, id=19820, stack(0x000000cd2ff00000,0x000000cd30000000) (1024K)]
  0x00000281d6299230 JavaThread "Timer-30"                          [_thread_blocked, id=11100, stack(0x000000cd35f00000,0x000000cd36000000) (1024K)]
  0x00000281d6296ad0 JavaThread "Timer-31"                          [_thread_blocked, id=28868, stack(0x000000cd36200000,0x000000cd36300000) (1024K)]
  0x00000281d6297e80 JavaThread "Timer-32"                          [_thread_blocked, id=36636, stack(0x000000cd36600000,0x000000cd36700000) (1024K)]
  0x00000281d629fb30 JavaThread "Timer-33"                          [_thread_blocked, id=34320, stack(0x000000cd36c00000,0x000000cd36d00000) (1024K)]
  0x00000281d62a0850 JavaThread "Worker-41: Initialize workspace"        [_thread_blocked, id=26648, stack(0x000000cd36d00000,0x000000cd36e00000) (1024K)]
  0x00000281d62a3cd0 JavaThread "Timer-34"                          [_thread_blocked, id=40428, stack(0x000000cd37100000,0x000000cd37200000) (1024K)]
  0x00000281d85b5c40 JavaThread "Timer-35"                          [_thread_blocked, id=15916, stack(0x000000cd33300000,0x000000cd33400000) (1024K)]
  0x00000281d62a1570 JavaThread "Worker-46: Initialize workspace"        [_thread_blocked, id=32108, stack(0x000000cd35b00000,0x000000cd35c00000) (1024K)]
  0x00000281d7900590 JavaThread "Timer-36"                          [_thread_blocked, id=35440, stack(0x000000cd37400000,0x000000cd37500000) (1024K)]
  0x00000281d7901fd0 JavaThread "Worker-48: Initialize workspace"        [_thread_blocked, id=31112, stack(0x000000cd37600000,0x000000cd37700000) (1024K)]
  0x00000281e0a3d590 JavaThread "Timer-37"                          [_thread_blocked, id=26832, stack(0x000000cd37900000,0x000000cd37a00000) (1024K)]
  0x00000281e1230ff0 JavaThread "Timer-38"                          [_thread_blocked, id=23992, stack(0x000000cd37d00000,0x000000cd37e00000) (1024K)]
  0x00000281e1230960 JavaThread "Timer-39"                          [_thread_blocked, id=37908, stack(0x000000cd32800000,0x000000cd32900000) (1024K)]
  0x00000281e1231680 JavaThread "Timer-40"                          [_thread_blocked, id=17508, stack(0x000000cd31800000,0x000000cd31900000) (1024K)]
  0x00000281e1236bd0 JavaThread "Timer-41"                          [_thread_blocked, id=17420, stack(0x000000cd38700000,0x000000cd38800000) (1024K)]
  0x00000281e06b46c0 JavaThread "Timer-42"                          [_thread_blocked, id=29016, stack(0x000000cd33b00000,0x000000cd33c00000) (1024K)]
  0x00000281e06b8860 JavaThread "Timer-43"                          [_thread_blocked, id=20680, stack(0x000000cd38b00000,0x000000cd38c00000) (1024K)]
  0x00000281d79be2b0 JavaThread "Timer-44"                          [_thread_blocked, id=21848, stack(0x000000cd34f00000,0x000000cd35000000) (1024K)]
  0x00000281d79c0a10 JavaThread "Timer-45"                          [_thread_blocked, id=22128, stack(0x000000cd35800000,0x000000cd35900000) (1024K)]
  0x00000281d6295db0 JavaThread "Timer-46"                          [_thread_blocked, id=2664, stack(0x000000cd38800000,0x000000cd38900000) (1024K)]
  0x00000281d85cf8c0 JavaThread "Timer-47"                          [_thread_blocked, id=36284, stack(0x000000cd39000000,0x000000cd39100000) (1024K)]
  0x00000281d85cde80 JavaThread "Timer-48"                          [_thread_blocked, id=21336, stack(0x000000cd39100000,0x000000cd39200000) (1024K)]
  0x00000281d85d26b0 JavaThread "Timer-49"                          [_thread_blocked, id=19528, stack(0x000000cd37200000,0x000000cd37300000) (1024K)]
  0x00000281d85ceba0 JavaThread "Timer-50"                          [_thread_blocked, id=26116, stack(0x000000cd38400000,0x000000cd38500000) (1024K)]
  0x00000281d85d54a0 JavaThread "Timer-51"                          [_thread_blocked, id=18824, stack(0x000000cd39300000,0x000000cd39400000) (1024K)]
  0x00000281d85d33d0 JavaThread "Timer-52"                          [_thread_blocked, id=18008, stack(0x000000cd39b00000,0x000000cd39c00000) (1024K)]
  0x00000281d85d6ee0 JavaThread "Timer-53"                          [_thread_blocked, id=34968, stack(0x000000cd39c00000,0x000000cd39d00000) (1024K)]
  0x00000281d85d8fb0 JavaThread "Timer-54"                          [_thread_blocked, id=30172, stack(0x000000cd3a200000,0x000000cd3a300000) (1024K)]
  0x00000281d85d7570 JavaThread "Timer-55"                          [_thread_blocked, id=19688, stack(0x000000cd3a700000,0x000000cd3a800000) (1024K)]
  0x00000281d85dbda0 JavaThread "Timer-56"                          [_thread_blocked, id=24056, stack(0x000000cd3ac00000,0x000000cd3ad00000) (1024K)]
  0x00000281d85dc430 JavaThread "Timer-57"                          [_thread_blocked, id=33940, stack(0x000000cd3b000000,0x000000cd3b100000) (1024K)]
  0x00000281d629da60 JavaThread "Timer-58"                          [_thread_blocked, id=22864, stack(0x000000cd3b400000,0x000000cd3b500000) (1024K)]
  0x00000281e13889d0 JavaThread "Timer-59"                          [_thread_blocked, id=38596, stack(0x000000cd32200000,0x000000cd32300000) (1024K)]
  0x00000281e1388340 JavaThread "Timer-60"                          [_thread_blocked, id=35020, stack(0x000000cd38c00000,0x000000cd38d00000) (1024K)]
  0x00000281e138a410 JavaThread "Timer-61"                          [_thread_blocked, id=12408, stack(0x000000cd38f00000,0x000000cd39000000) (1024K)]
  0x00000281e138d200 JavaThread "Timer-62"                          [_thread_blocked, id=32772, stack(0x000000cd37800000,0x000000cd37900000) (1024K)]
  0x00000281e138cb70 JavaThread "Worker-103: Initialize workspace"        [_thread_blocked, id=37424, stack(0x000000cd3bc00000,0x000000cd3bd00000) (1024K)]
  0x00000281e138fff0 JavaThread "Timer-63"                          [_thread_blocked, id=15232, stack(0x000000cd3bf00000,0x000000cd3c000000) (1024K)]
  0x00000281e1391a30 JavaThread "Timer-64"                          [_thread_blocked, id=32132, stack(0x000000cd2ef00000,0x000000cd2f000000) (1024K)]
  0x00000281e1390d10 JavaThread "Worker-131: Initialize workspace"        [_thread_blocked, id=34608, stack(0x000000cd3c400000,0x000000cd3c500000) (1024K)]
  0x00000281e138f2d0 JavaThread "Timer-65"                          [_thread_blocked, id=38376, stack(0x000000cd3c200000,0x000000cd3c300000) (1024K)]
  0x00000281e138d890 JavaThread "Worker-144: Initialize workspace"        [_thread_blocked, id=29044, stack(0x000000cd2f900000,0x000000cd2fa00000) (1024K)]
  0x00000281e1393b00 JavaThread "Timer-66"                          [_thread_blocked, id=8752, stack(0x000000cd39400000,0x000000cd39500000) (1024K)]
  0x00000281e1392de0 JavaThread "Worker-156: Initialize workspace"        [_thread_blocked, id=21572, stack(0x000000cd36100000,0x000000cd36200000) (1024K)]
  0x00000281d85b6ff0 JavaThread "Timer-67"                          [_thread_blocked, id=2316, stack(0x000000cd3c600000,0x000000cd3c700000) (1024K)]
  0x00000281d67e1080 JavaThread "Worker-171: Initialize workspace"        [_thread_blocked, id=26152, stack(0x000000cd3c300000,0x000000cd3c400000) (1024K)]
  0x00000281d67dfcd0 JavaThread "Timer-68"                          [_thread_blocked, id=34300, stack(0x000000cd3c800000,0x000000cd3c900000) (1024K)]
  0x00000281d629b990 JavaThread "Timer-69"                          [_thread_blocked, id=37664, stack(0x000000cd38a00000,0x000000cd38b00000) (1024K)]
  0x00000281d85ce510 JavaThread "Worker-196: Initialize workspace"        [_thread_blocked, id=39736, stack(0x000000cd3cb00000,0x000000cd3cc00000) (1024K)]
  0x00000281e06b53e0 JavaThread "Timer-70"                          [_thread_blocked, id=39240, stack(0x000000cd3cf00000,0x000000cd3d000000) (1024K)]
  0x00000281e1394190 JavaThread "Timer-71"                          [_thread_blocked, id=21032, stack(0x000000cd3af00000,0x000000cd3b000000) (1024K)]
  0x00000281d67de290 JavaThread "Worker-221: Initialize workspace"        [_thread_blocked, id=2128, stack(0x000000cd36800000,0x000000cd36900000) (1024K)]
  0x00000281d85d9640 JavaThread "Timer-72"                          [_thread_blocked, id=31344, stack(0x000000cd3d200000,0x000000cd3d300000) (1024K)]
  0x00000281e0a43e90 JavaThread "Worker-236: Initialize workspace"        [_thread_blocked, id=13840, stack(0x000000cd3b500000,0x000000cd3b600000) (1024K)]
  0x00000281d6296440 JavaThread "Timer-73"                          [_thread_blocked, id=26684, stack(0x000000cd3d300000,0x000000cd3d400000) (1024K)]
  0x00000281d85b0d80 JavaThread "Worker-250: Initialize workspace"        [_thread_blocked, id=33236, stack(0x000000cd3d500000,0x000000cd3d600000) (1024K)]
  0x00000281d85b4200 JavaThread "Connection worker"                 [_thread_blocked, id=34108, stack(0x000000cd3b300000,0x000000cd3b400000) (1024K)]
  0x00000281d85b34e0 JavaThread "pool-75-thread-1"                  [_thread_blocked, id=31672, stack(0x000000cd2fe00000,0x000000cd2ff00000) (1024K)]
  0x00000281e1236540 JavaThread "Timer-74"                          [_thread_blocked, id=29428, stack(0x000000cd36700000,0x000000cd36800000) (1024K)]
  0x00000281e06ba930 JavaThread "Worker-263: Initialize workspace"        [_thread_blocked, id=1984, stack(0x000000cd3d700000,0x000000cd3d800000) (1024K)]
  0x00000281d7907bb0 JavaThread "Timer-75"                          [_thread_blocked, id=28364, stack(0x000000cd3d800000,0x000000cd3d900000) (1024K)]
  0x00000281d48b2020 JavaThread "Connection worker"                 [_thread_blocked, id=23728, stack(0x000000cd3db00000,0x000000cd3dc00000) (1024K)]
  0x00000281d85dd150 JavaThread "pool-77-thread-1"                  [_thread_blocked, id=32916, stack(0x000000cd3dd00000,0x000000cd3de00000) (1024K)]
  0x00000281d85d05e0 JavaThread "Timer-76"                          [_thread_blocked, id=36952, stack(0x000000cd3dc00000,0x000000cd3dd00000) (1024K)]
  0x00000281e0a84380 JavaThread "Worker-292: Initialize workspace"        [_thread_blocked, id=23976, stack(0x000000cd3e200000,0x000000cd3e300000) (1024K)]
  0x00000281e0a8ac80 JavaThread "Timer-77"                          [_thread_blocked, id=35372, stack(0x000000cd3e500000,0x000000cd3e600000) (1024K)]
  0x00000281e0a89240 JavaThread "Worker-307: Initialize workspace"        [_thread_blocked, id=28004, stack(0x000000cd3e800000,0x000000cd3e900000) (1024K)]
  0x00000281e0a8c030 JavaThread "Timer-78"                          [_thread_blocked, id=8404, stack(0x000000cd31900000,0x000000cd31a00000) (1024K)]
  0x00000281e0a8c6c0 JavaThread "Worker-322: Initialize workspace"        [_thread_blocked, id=20088, stack(0x000000cd3ed00000,0x000000cd3ee00000) (1024K)]
  0x00000281e0a8b9a0 JavaThread "Connection worker"                 [_thread_blocked, id=3204, stack(0x000000cd2e700000,0x000000cd2e800000) (1024K)]
  0x00000281e0a8da70 JavaThread "pool-80-thread-1"                  [_thread_blocked, id=30804, stack(0x000000cd3de00000,0x000000cd3df00000) (1024K)]
  0x00000281e0a8a5f0 JavaThread "Timer-79"                          [_thread_blocked, id=28544, stack(0x000000cd3ee00000,0x000000cd3ef00000) (1024K)]
  0x00000281e0a8ee20 JavaThread "Worker-334: Initialize workspace"        [_thread_blocked, id=11752, stack(0x000000cd3ea00000,0x000000cd3eb00000) (1024K)]
  0x00000281e0a8cd50 JavaThread "Connection worker"                 [_thread_blocked, id=36448, stack(0x000000cd3ef00000,0x000000cd3f000000) (1024K)]
  0x00000281e0a84a10 JavaThread "pool-81-thread-1"                  [_thread_blocked, id=34352, stack(0x000000cd30e00000,0x000000cd30f00000) (1024K)]
  0x00000281e0a89f60 JavaThread "Timer-80"                          [_thread_blocked, id=7340, stack(0x000000cd3e700000,0x000000cd3e800000) (1024K)]
  0x00000281e0a898d0 JavaThread "Worker-347: Initialize workspace"        [_thread_blocked, id=14176, stack(0x000000cd3e600000,0x000000cd3e700000) (1024K)]
  0x00000281e0a8f4b0 JavaThread "Timer-81"                          [_thread_blocked, id=38648, stack(0x000000cd3aa00000,0x000000cd3ab00000) (1024K)]
  0x00000281e0a901d0 JavaThread "Worker-358: Initialize workspace"        [_thread_blocked, id=33148, stack(0x000000cd3eb00000,0x000000cd3ec00000) (1024K)]
  0x00000281e0a90860 JavaThread "Connection worker"                 [_thread_blocked, id=37732, stack(0x000000cd3f100000,0x000000cd3f200000) (1024K)]
  0x00000281e0a90ef0 JavaThread "pool-83-thread-1"                  [_thread_blocked, id=39824, stack(0x000000cd3f200000,0x000000cd3f300000) (1024K)]
  0x00000281e0a8e790 JavaThread "Timer-82"                          [_thread_blocked, id=36252, stack(0x000000cd3f300000,0x000000cd3f400000) (1024K)]
  0x00000281e0a92930 JavaThread "Worker-373: Initialize workspace"        [_thread_blocked, id=29912, stack(0x000000cd3f500000,0x000000cd3f600000) (1024K)]
  0x00000281e0a92fc0 JavaThread "Connection worker"                 [_thread_blocked, id=15480, stack(0x000000cd3f400000,0x000000cd3f500000) (1024K)]
  0x00000281d629c6b0 JavaThread "pool-84-thread-1"                  [_thread_blocked, id=31600, stack(0x000000cd3f600000,0x000000cd3f700000) (1024K)]
  0x00000281e138aaa0 JavaThread "Timer-83"                          [_thread_blocked, id=19424, stack(0x000000cd3ad00000,0x000000cd3ae00000) (1024K)]
  0x00000281e0a88bb0 JavaThread "Worker-386: Initialize workspace"        [_thread_blocked, id=20708, stack(0x000000cd38d00000,0x000000cd38e00000) (1024K)]
  0x00000281e0a8fb40 JavaThread "Timer-84"                          [_thread_blocked, id=33672, stack(0x000000cd3a100000,0x000000cd3a200000) (1024K)]
  0x00000281e1231d10 JavaThread "Worker-401: Initialize workspace"        [_thread_blocked, id=8744, stack(0x000000cd3f700000,0x000000cd3f800000) (1024K)]
  0x00000281d79c10a0 JavaThread "Connection worker"                 [_thread_blocked, id=20980, stack(0x000000cd3f800000,0x000000cd3f900000) (1024K)]
  0x00000281e06b4d50 JavaThread "pool-86-thread-1"                  [_thread_blocked, id=28236, stack(0x000000cd34900000,0x000000cd34a00000) (1024K)]
  0x00000281e0a8e100 JavaThread "Timer-85"                          [_thread_blocked, id=13964, stack(0x000000cd3b800000,0x000000cd3b900000) (1024K)]
  0x00000281e0a922a0 JavaThread "Worker-415: Initialize workspace"        [_thread_blocked, id=1256, stack(0x000000cd3e300000,0x000000cd3e400000) (1024K)]
  0x00000281e0a91580 JavaThread "Connection worker"                 [_thread_blocked, id=18096, stack(0x000000cd3a900000,0x000000cd3aa00000) (1024K)]
  0x00000281d85d8920 JavaThread "pool-87-thread-1"                  [_thread_blocked, id=30944, stack(0x000000cd3fb00000,0x000000cd3fc00000) (1024K)]
  0x00000281e1384ec0 JavaThread "Timer-86"                          [_thread_blocked, id=18560, stack(0x000000cd2be00000,0x000000cd2bf00000) (1024K)]
  0x00000281d67df640 JavaThread "Worker-429: Initialize workspace"        [_thread_blocked, id=20016, stack(0x000000cd34d00000,0x000000cd34e00000) (1024K)]
  0x00000281d62a1c00 JavaThread "Connection worker"                 [_thread_blocked, id=3680, stack(0x000000cd3f900000,0x000000cd3fa00000) (1024K)]
  0x00000281e0a43170 JavaThread "pool-88-thread-1"                  [_thread_blocked, id=19796, stack(0x000000cd3fd00000,0x000000cd3fe00000) (1024K)]
  0x00000281d62977f0 JavaThread "Timer-87"                          [_thread_blocked, id=26228, stack(0x000000cd3fe00000,0x000000cd3ff00000) (1024K)]
  0x00000281e06b6790 JavaThread "Worker-438: Initialize workspace"        [_thread_blocked, id=12904, stack(0x000000cd2fd00000,0x000000cd2fe00000) (1024K)]
  0x00000281d7b41380 JavaThread "Timer-88"                          [_thread_blocked, id=3260, stack(0x000000cd40500000,0x000000cd40600000) (1024K)]
  0x00000281d7b41a10 JavaThread "Worker-449: Initialize workspace"        [_thread_blocked, id=21924, stack(0x000000cd3fc00000,0x000000cd3fd00000) (1024K)]
  0x00000281d7b40660 JavaThread "Timer-89"                          [_thread_blocked, id=11884, stack(0x000000cd35600000,0x000000cd35700000) (1024K)]
  0x00000281d7b420a0 JavaThread "Worker-456: Initialize workspace"        [_thread_blocked, id=12988, stack(0x000000cd3e100000,0x000000cd3e200000) (1024K)]
  0x00000281d7b43ae0 JavaThread "Connection worker"                 [_thread_blocked, id=22404, stack(0x000000cd40800000,0x000000cd40900000) (1024K)]
  0x00000281d7b42dc0 JavaThread "pool-91-thread-1"                  [_thread_blocked, id=36376, stack(0x000000cd40600000,0x000000cd40700000) (1024K)]
  0x00000281d7b40cf0 JavaThread "Timer-90"                          [_thread_blocked, id=20004, stack(0x000000cd40a00000,0x000000cd40b00000) (1024K)]
  0x00000281d7b46f60 JavaThread "Worker-464: Initialize workspace"        [_thread_blocked, id=22760, stack(0x000000cd32600000,0x000000cd32700000) (1024K)]
  0x00000281d7b47c80 JavaThread "Connection worker"                 [_thread_blocked, id=37164, stack(0x000000cd40d00000,0x000000cd40e00000) (1024K)]
  0x00000281d7b45520 JavaThread "pool-92-thread-1"                  [_thread_blocked, id=25340, stack(0x000000cd40b00000,0x000000cd40c00000) (1024K)]
  0x00000281d7b468d0 JavaThread "Timer-91"                          [_thread_blocked, id=34004, stack(0x000000cd40f00000,0x000000cd41000000) (1024K)]
  0x00000281d7b475f0 JavaThread "Worker-478: Initialize workspace"        [_thread_blocked, id=25116, stack(0x000000cd40c00000,0x000000cd40d00000) (1024K)]
  0x00000281d7b45bb0 JavaThread "Timer-92"                          [_thread_blocked, id=23124, stack(0x000000cd41000000,0x000000cd41100000) (1024K)]
  0x00000281d7b44e90 JavaThread "Worker-484: Initialize workspace"        [_thread_blocked, id=19392, stack(0x000000cd40900000,0x000000cd40a00000) (1024K)]
  0x00000281d7b4a3e0 JavaThread "Connection worker"                 [_thread_blocked, id=20268, stack(0x000000cd41300000,0x000000cd41400000) (1024K)]
  0x00000281d7b4aa70 JavaThread "pool-94-thread-1"                  [_thread_blocked, id=39356, stack(0x000000cd41500000,0x000000cd41600000) (1024K)]
  0x00000281d7b489a0 JavaThread "Timer-93"                          [_thread_blocked, id=9312, stack(0x000000cd41a00000,0x000000cd41b00000) (1024K)]
  0x00000281d7b48310 JavaThread "Connection worker"                 [_thread_blocked, id=35436, stack(0x000000cd41900000,0x000000cd41a00000) (1024K)]
  0x00000281d7b4cb40 JavaThread "pool-95-thread-1"                  [_thread_blocked, id=25576, stack(0x000000cd41400000,0x000000cd41500000) (1024K)]
  0x00000281d7b4d860 JavaThread "Worker-498: Initialize workspace"        [_thread_blocked, id=3288, stack(0x000000cd3df00000,0x000000cd3e000000) (1024K)]
  0x00000281d7b4be20 JavaThread "Timer-94"                          [_thread_blocked, id=22636, stack(0x000000cd41d00000,0x000000cd41e00000) (1024K)]
  0x00000281e0a86450 JavaThread "Worker-502: Initialize workspace"        [_thread_blocked, id=36552, stack(0x000000cd41f00000,0x000000cd42000000) (1024K)]
  0x00000281e0a3f660 JavaThread "Connection worker"                 [_thread_blocked, id=39524, stack(0x000000cd42100000,0x000000cd42200000) (1024K)]
  0x00000281d79c0380 JavaThread "pool-96-thread-1"                  [_thread_blocked, id=38452, stack(0x000000cd42200000,0x000000cd42300000) (1024K)]
  0x00000281e0a86ae0 JavaThread "Timer-95"                          [_thread_blocked, id=32620, stack(0x000000cd41e00000,0x000000cd41f00000) (1024K)]
  0x00000281d7903380 JavaThread "Worker-510: Initialize workspace"        [_thread_blocked, id=35128, stack(0x000000cd42400000,0x000000cd42500000) (1024K)]
  0x00000281d896b3f0 JavaThread "Timer-96"                          [_thread_blocked, id=27352, stack(0x000000cd42600000,0x000000cd42700000) (1024K)]
  0x00000281d896db50 JavaThread "Worker-521: Initialize workspace"        [_thread_blocked, id=29976, stack(0x000000cd41600000,0x000000cd41700000) (1024K)]
  0x00000281d896e870 JavaThread "Timer-97"                          [_thread_blocked, id=39260, stack(0x000000cd42700000,0x000000cd42800000) (1024K)]
  0x00000281d896ef00 JavaThread "Worker-533: Initialize workspace"        [_thread_blocked, id=25408, stack(0x000000cd40700000,0x000000cd40800000) (1024K)]
  0x00000281d896c7a0 JavaThread "Timer-98"                          [_thread_blocked, id=38884, stack(0x000000cd42000000,0x000000cd42100000) (1024K)]
  0x00000281d896ce30 JavaThread "Connection worker"                 [_thread_blocked, id=22588, stack(0x000000cd42a00000,0x000000cd42b00000) (1024K)]
  0x00000281d8973730 JavaThread "pool-100-thread-1"                 [_thread_blocked, id=9904, stack(0x000000cd42b00000,0x000000cd42c00000) (1024K)]
  0x00000281d89730a0 JavaThread "Timer-99"                          [_thread_blocked, id=29212, stack(0x000000cd42f00000,0x000000cd43000000) (1024K)]
  0x00000281d8971660 JavaThread "Worker-544: Initialize workspace"        [_thread_blocked, id=33936, stack(0x000000cd2fc00000,0x000000cd2fd00000) (1024K)]
  0x00000281d8972a10 JavaThread "Timer-100"                         [_thread_blocked, id=16572, stack(0x000000cd42c00000,0x000000cd42d00000) (1024K)]
  0x00000281d89702b0 JavaThread "Worker-552: Initialize workspace"        [_thread_blocked, id=33768, stack(0x000000cd3e400000,0x000000cd3e500000) (1024K)]
  0x00000281d8975170 JavaThread "Connection worker"                 [_thread_blocked, id=20564, stack(0x000000cd43100000,0x000000cd43200000) (1024K)]
  0x00000281d8974450 JavaThread "pool-102-thread-1"                 [_thread_blocked, id=22628, stack(0x000000cd42e00000,0x000000cd42f00000) (1024K)]
  0x00000281d8976bb0 JavaThread "Timer-101"                         [_thread_blocked, id=31260, stack(0x000000cd43300000,0x000000cd43400000) (1024K)]
  0x00000281d8970fd0 JavaThread "Worker-561: Initialize workspace"        [_thread_blocked, id=32648, stack(0x000000cd43000000,0x000000cd43100000) (1024K)]
  0x00000281d897a030 JavaThread "Timer-102"                         [_thread_blocked, id=13112, stack(0x000000cd43d00000,0x000000cd43e00000) (1024K)]
  0x00000281d8977f60 JavaThread "Worker-570: Initialize workspace"        [_thread_blocked, id=3092, stack(0x000000cd43a00000,0x000000cd43b00000) (1024K)]
  0x00000281d89799a0 JavaThread "Connection worker"                 [_thread_blocked, id=28956, stack(0x000000cd43f00000,0x000000cd44000000) (1024K)]
  0x00000281d8979310 JavaThread "pool-104-thread-1"                 [_thread_blocked, id=39324, stack(0x000000cd43e00000,0x000000cd43f00000) (1024K)]
  0x00000281d7b42730 JavaThread "Timer-103"                         [_thread_blocked, id=16464, stack(0x000000cd43500000,0x000000cd43600000) (1024K)]
  0x00000281d7b496c0 JavaThread "Worker-581: Initialize workspace"        [_thread_blocked, id=25064, stack(0x000000cd43400000,0x000000cd43500000) (1024K)]
  0x00000281d897a6c0 JavaThread "Connection worker"                 [_thread_blocked, id=35096, stack(0x000000cd44300000,0x000000cd44400000) (1024K)]
  0x00000281d8975e90 JavaThread "pool-105-thread-1"                 [_thread_blocked, id=21856, stack(0x000000cd44400000,0x000000cd44500000) (1024K)]
  0x00000281d7b4d1d0 JavaThread "Timer-104"                         [_thread_blocked, id=6416, stack(0x000000cd44700000,0x000000cd44800000) (1024K)]
  0x00000281e0a40a10 JavaThread "Timer-105"                         [_thread_blocked, id=38920, stack(0x000000cd44b00000,0x000000cd44c00000) (1024K)]
  0x00000281e0bd34b0 JavaThread "Worker-601: Initialize workspace"        [_thread_blocked, id=29924, stack(0x000000cd41800000,0x000000cd41900000) (1024K)]
  0x00000281e0bd3b40 JavaThread "Timer-106"                         [_thread_blocked, id=28528, stack(0x000000cd44f00000,0x000000cd45000000) (1024K)]
  0x00000281e0bd2e20 JavaThread "Worker-611: Initialize workspace"        [_thread_blocked, id=19404, stack(0x000000cd44500000,0x000000cd44600000) (1024K)]
  0x00000281e0bd0d50 JavaThread "Connection worker"                 [_thread_blocked, id=39768, stack(0x000000cd42900000,0x000000cd42a00000) (1024K)]
  0x00000281e0bd13e0 JavaThread "pool-108-thread-1"                 [_thread_blocked, id=27156, stack(0x000000cd45200000,0x000000cd45300000) (1024K)]
  0x00000281e0bd06c0 JavaThread "Timer-107"                         [_thread_blocked, id=10980, stack(0x000000cd45000000,0x000000cd45100000) (1024K)]
  0x00000281e0bd6fc0 JavaThread "Worker-622: Initialize workspace"        [_thread_blocked, id=32532, stack(0x000000cd45300000,0x000000cd45400000) (1024K)]
  0x00000281e0bd7ce0 JavaThread "Timer-108"                         [_thread_blocked, id=4252, stack(0x000000cd45900000,0x000000cd45a00000) (1024K)]
  0x00000281e0bd7650 JavaThread "Worker-632: Initialize workspace"        [_thread_blocked, id=5940, stack(0x000000cd40200000,0x000000cd40300000) (1024K)]
  0x00000281e0bd4ef0 JavaThread "Worker-634: Initialize workspace"        [_thread_blocked, id=24664, stack(0x000000cd44000000,0x000000cd44100000) (1024K)]
  0x00000281e0bd5c10 JavaThread "Timer-109"                         [_thread_blocked, id=23988, stack(0x000000cd44800000,0x000000cd44900000) (1024K)]
  0x00000281e0bd8a00 JavaThread "Timer-110"                         [_thread_blocked, id=29100, stack(0x000000cd44600000,0x000000cd44700000) (1024K)]
  0x00000281e0bd5580 JavaThread "Worker-643: Initialize workspace"        [_thread_blocked, id=3232, stack(0x000000cd45a00000,0x000000cd45b00000) (1024K)]
  0x00000281e0bdcba0 JavaThread "Timer-111"                         [_thread_blocked, id=20288, stack(0x000000cd45f00000,0x000000cd46000000) (1024K)]
  0x00000281e0bdd230 JavaThread "Worker-652: Initialize workspace"        [_thread_blocked, id=38644, stack(0x000000cd46100000,0x000000cd46200000) (1024K)]
  0x00000281e0bdbe80 JavaThread "Connection worker"                 [_thread_blocked, id=17416, stack(0x000000cd46000000,0x000000cd46100000) (1024K)]
  0x00000281e0bddf50 JavaThread "pool-113-thread-1"                 [_thread_blocked, id=15392, stack(0x000000cd45d00000,0x000000cd45e00000) (1024K)]
  0x00000281e0bdf990 JavaThread "Timer-112"                         [_thread_blocked, id=23000, stack(0x000000cd46400000,0x000000cd46500000) (1024K)]
  0x00000281e0bd6930 JavaThread "Worker-664: Initialize workspace"        [_thread_blocked, id=25356, stack(0x000000cd3bb00000,0x000000cd3bc00000) (1024K)]
  0x00000281e0bdd8c0 JavaThread "Timer-113"                         [_thread_blocked, id=29132, stack(0x000000cd44e00000,0x000000cd44f00000) (1024K)]
  0x00000281e0bd4860 JavaThread "Worker-671: Initialize workspace"        [_thread_blocked, id=4908, stack(0x000000cd43600000,0x000000cd43700000) (1024K)]
  0x00000281e0be20f0 JavaThread "Timer-114"                         [_thread_blocked, id=39360, stack(0x000000cd46600000,0x000000cd46700000) (1024K)]
  0x00000281e0be2780 JavaThread "Connection worker"                 [_thread_blocked, id=36360, stack(0x000000cd46800000,0x000000cd46900000) (1024K)]
  0x00000281e0be3b30 JavaThread "Timer-115"                         [_thread_blocked, id=27828, stack(0x000000cd46500000,0x000000cd46600000) (1024K)]
  0x00000281e0be34a0 JavaThread "pool-116-thread-1"                 [_thread_blocked, id=34044, stack(0x000000cd46b00000,0x000000cd46c00000) (1024K)]
  0x00000281e0be0d40 JavaThread "Timer-116"                         [_thread_blocked, id=27552, stack(0x000000cd46d00000,0x000000cd46e00000) (1024K)]
  0x00000281e0be6290 JavaThread "Timer-117"                         [_thread_blocked, id=15024, stack(0x000000cd47100000,0x000000cd47200000) (1024K)]
  0x00000281e0be8360 JavaThread "Worker-708: Initialize workspace"        [_thread_blocked, id=34244, stack(0x000000cd47500000,0x000000cd47600000) (1024K)]
  0x00000281e0be5c00 JavaThread "Timer-118"                         [_thread_blocked, id=8444, stack(0x000000cd47900000,0x000000cd47a00000) (1024K)]
  0x00000281e0be9710 JavaThread "Worker-723: Initialize workspace"        [_thread_blocked, id=12456, stack(0x000000cd47700000,0x000000cd47800000) (1024K)]
  0x00000281e0beb7e0 JavaThread "Timer-119"                         [_thread_blocked, id=36512, stack(0x000000cd47e00000,0x000000cd47f00000) (1024K)]
  0x00000281e0bebe70 JavaThread "Worker-728: Initialize workspace"        [_thread_blocked, id=35184, stack(0x000000cd47300000,0x000000cd47400000) (1024K)]
  0x00000281e0bed8b0 JavaThread "Connection worker"                 [_thread_blocked, id=15220, stack(0x000000cd48100000,0x000000cd48200000) (1024K)]
  0x00000281e0bec500 JavaThread "pool-121-thread-1"                 [_thread_blocked, id=26900, stack(0x000000cd48000000,0x000000cd48100000) (1024K)]
  0x00000281e0be89f0 JavaThread "Timer-120"                         [_thread_blocked, id=14876, stack(0x000000cd47b00000,0x000000cd47c00000) (1024K)]
  0x00000281e0beb150 JavaThread "Worker-737: Initialize workspace"        [_thread_blocked, id=35364, stack(0x000000cd48500000,0x000000cd48600000) (1024K)]
  0x00000281e0bee5d0 JavaThread "Timer-121"                         [_thread_blocked, id=35744, stack(0x000000cd48600000,0x000000cd48700000) (1024K)]
  0x00000281e0bef980 JavaThread "Worker-749: Initialize workspace"        [_thread_blocked, id=10656, stack(0x000000cd48200000,0x000000cd48300000) (1024K)]
  0x00000281d8973dc0 JavaThread "Connection worker"                 [_thread_blocked, id=37308, stack(0x000000cd48a00000,0x000000cd48b00000) (1024K)]
  0x00000281d8971cf0 JavaThread "pool-123-thread-1"                 [_thread_blocked, id=24084, stack(0x000000cd48900000,0x000000cd48a00000) (1024K)]
  0x00000281d8977240 JavaThread "Timer-122"                         [_thread_blocked, id=5052, stack(0x000000cd48c00000,0x000000cd48d00000) (1024K)]
  0x00000281d89778d0 JavaThread "Worker-752: Initialize workspace"        [_thread_blocked, id=40124, stack(0x000000cd48700000,0x000000cd48800000) (1024K)]
  0x00000281d89785f0 JavaThread "Timer-123"                         [_thread_blocked, id=30272, stack(0x000000cd49100000,0x000000cd49200000) (1024K)]
  0x00000281e0be6920 JavaThread "Timer-124"                         [_thread_blocked, id=24920, stack(0x000000cd49300000,0x000000cd49400000) (1024K)]
  0x00000281e1233de0 JavaThread "Worker-763: Initialize workspace"        [_thread_blocked, id=26620, stack(0x000000cd49500000,0x000000cd49600000) (1024K)]
  0x00000281e0be41c0 JavaThread "Timer-125"                         [_thread_blocked, id=14692, stack(0x000000cd49600000,0x000000cd49700000) (1024K)]
  0x00000281e08dc710 JavaThread "Worker-770: Initialize workspace"        [_thread_blocked, id=34076, stack(0x000000cd49400000,0x000000cd49500000) (1024K)]
  0x00000281e08dcda0 JavaThread "Worker-772: Initialize workspace"        [_thread_blocked, id=24076, stack(0x000000cd46c00000,0x000000cd46d00000) (1024K)]
  0x00000281e08dc080 JavaThread "Connection worker"                 [_thread_blocked, id=32116, stack(0x000000cd49c00000,0x000000cd49d00000) (1024K)]
  0x00000281e08de7e0 JavaThread "Timer-126"                         [_thread_blocked, id=20716, stack(0x000000cd4a000000,0x000000cd4a100000) (1024K)]
  0x00000281e08e22f0 JavaThread "pool-127-thread-1"                 [_thread_blocked, id=33088, stack(0x000000cd4a300000,0x000000cd4a400000) (1024K)]
  0x00000281e08de150 JavaThread "Timer-127"                         [_thread_blocked, id=34156, stack(0x000000cd49b00000,0x000000cd49c00000) (1024K)]
  0x00000281e08e0220 JavaThread "Worker-785: Initialize workspace"        [_thread_blocked, id=31004, stack(0x000000cd49900000,0x000000cd49a00000) (1024K)]
  0x00000281e08dd430 JavaThread "Connection worker"                 [_thread_in_native, id=14844, stack(0x000000cd4a700000,0x000000cd4a800000) (1024K)]
  0x00000281e08e08b0 JavaThread "pool-129-thread-1"                 [_thread_blocked, id=16672, stack(0x000000cd4a800000,0x000000cd4a900000) (1024K)]
  0x00000281e08e36a0 JavaThread "Timer-128"                         [_thread_blocked, id=36200, stack(0x000000cd41100000,0x000000cd41200000) (1024K)]
  0x00000281e08d9fb0 JavaThread "Worker-792: Initialize workspace"        [_thread_blocked, id=21180, stack(0x000000cd48400000,0x000000cd48500000) (1024K)]
  0x00000281e08ddac0 JavaThread "Connection worker"                 [_thread_blocked, id=38172, stack(0x000000cd4a200000,0x000000cd4a300000) (1024K)]
  0x00000281e08e43c0 JavaThread "Timer-129"                         [_thread_blocked, id=14020, stack(0x000000cd4a600000,0x000000cd4a700000) (1024K)]
  0x00000281e08e3d30 JavaThread "pool-130-thread-1"                 [_thread_blocked, id=39188, stack(0x000000cd4aa00000,0x000000cd4ab00000) (1024K)]
  0x00000281e08e4a50 JavaThread "Worker-799: Initialize workspace"        [_thread_blocked, id=14584, stack(0x000000cd4a900000,0x000000cd4aa00000) (1024K)]
  0x00000281e08e1c60 JavaThread "Timer-130"                         [_thread_blocked, id=16260, stack(0x000000cd4ac00000,0x000000cd4ad00000) (1024K)]
  0x00000281e08e5e00 JavaThread "Connection worker"                 [_thread_blocked, id=14064, stack(0x000000cd3b100000,0x000000cd3b200000) (1024K)]
  0x00000281e08db360 JavaThread "Worker-807: Initialize workspace"        [_thread_blocked, id=18928, stack(0x000000cd49700000,0x000000cd49800000) (1024K)]
  0x00000281e08e3010 JavaThread "Connection worker"                 [_thread_blocked, id=21860, stack(0x000000cd4af00000,0x000000cd4b000000) (1024K)]
  0x00000281e08e6b20 JavaThread "pool-132-thread-1"                 [_thread_blocked, id=26652, stack(0x000000cd4b100000,0x000000cd4b200000) (1024K)]
  0x00000281e08e50e0 JavaThread "Timer-131"                         [_thread_blocked, id=23920, stack(0x000000cd4ae00000,0x000000cd4af00000) (1024K)]
  0x00000281e08e15d0 JavaThread "Worker-812: Initialize workspace"        [_thread_blocked, id=30480, stack(0x000000cd4a400000,0x000000cd4a500000) (1024K)]
  0x00000281e08e71b0 JavaThread "Timer-132"                         [_thread_blocked, id=34796, stack(0x000000cd4b500000,0x000000cd4b600000) (1024K)]
  0x00000281e08e9910 JavaThread "Worker-821: Initialize workspace"        [_thread_blocked, id=12296, stack(0x000000cd47600000,0x000000cd47700000) (1024K)]
  0x00000281e08e2980 JavaThread "Connection worker"                 [_thread_blocked, id=19488, stack(0x000000cd4ab00000,0x000000cd4ac00000) (1024K)]
  0x00000281e08eacc0 JavaThread "pool-134-thread-1"                 [_thread_blocked, id=28160, stack(0x000000cd4b400000,0x000000cd4b500000) (1024K)]
  0x00000281e08ec700 JavaThread "Timer-133"                         [_thread_blocked, id=25460, stack(0x000000cd4b800000,0x000000cd4b900000) (1024K)]
  0x00000281e08ecd90 JavaThread "Worker-830: Initialize workspace"        [_thread_blocked, id=21000, stack(0x000000cd4b700000,0x000000cd4b800000) (1024K)]
  0x00000281e08e9fa0 JavaThread "Connection worker"                 [_thread_blocked, id=16480, stack(0x000000cd4b300000,0x000000cd4b400000) (1024K)]
  0x00000281e08ee7d0 JavaThread "Timer-134"                         [_thread_blocked, id=20728, stack(0x000000cd4b900000,0x000000cd4ba00000) (1024K)]
  0x00000281e08ec070 JavaThread "pool-135-thread-1"                 [_thread_blocked, id=32216, stack(0x000000cd4be00000,0x000000cd4bf00000) (1024K)]
  0x00000281e08ea630 JavaThread "Worker-836: Initialize workspace"        [_thread_blocked, id=35792, stack(0x000000cd4bc00000,0x000000cd4bd00000) (1024K)]
  0x00000281e08ef4f0 JavaThread "Connection worker"                 [_thread_blocked, id=18548, stack(0x000000cd4c000000,0x000000cd4c100000) (1024K)]
  0x00000281e08dee70 JavaThread "pool-136-thread-1"                 [_thread_blocked, id=2440, stack(0x000000cd48e00000,0x000000cd48f00000) (1024K)]
  0x00000281e08eb9e0 JavaThread "Timer-135"                         [_thread_blocked, id=20508, stack(0x000000cd4a100000,0x000000cd4a200000) (1024K)]
  0x00000281e08e0f40 JavaThread "Connection worker"                 [_thread_blocked, id=13644, stack(0x000000cd2ea00000,0x000000cd2eb00000) (1024K)]
  0x00000281e08f22e0 JavaThread "Connection worker"                 [_thread_blocked, id=36272, stack(0x000000cd39600000,0x000000cd39700000) (1024K)]
  0x00000281e08eee60 JavaThread "Connection worker"                 [_thread_blocked, id=23944, stack(0x000000cd36f00000,0x000000cd37000000) (1024K)]
  0x00000281e08efb80 JavaThread "pool-137-thread-1"                 [_thread_blocked, id=22584, stack(0x000000cd39900000,0x000000cd39a00000) (1024K)]
  0x00000281e08f0210 JavaThread "Worker-853: Initialize workspace"        [_thread_blocked, id=1656, stack(0x000000cd34b00000,0x000000cd34c00000) (1024K)]
  0x00000281e08edab0 JavaThread "Timer-136"                         [_thread_blocked, id=13896, stack(0x000000cd44c00000,0x000000cd44d00000) (1024K)]
  0x00000281e08f1c50 JavaThread "Worker-862: Initialize workspace"        [_thread_blocked, id=12660, stack(0x000000cd46900000,0x000000cd46a00000) (1024K)]
  0x00000281e08f3d20 JavaThread "Timer-137"                         [_thread_blocked, id=9336, stack(0x000000cd4b000000,0x000000cd4b100000) (1024K)]
  0x00000281e08f08a0 JavaThread "Worker-867: Initialize workspace"        [_thread_blocked, id=13120, stack(0x000000cd3ec00000,0x000000cd3ed00000) (1024K)]
  0x00000281e08f6b10 JavaThread "Connection worker"                 [_thread_blocked, id=24036, stack(0x000000cd3c700000,0x000000cd3c800000) (1024K)]
  0x00000281e08f5760 JavaThread "Timer-138"                         [_thread_blocked, id=33256, stack(0x000000cd3c900000,0x000000cd3ca00000) (1024K)]
  0x00000281e08f71a0 JavaThread "Connection worker"                 [_thread_blocked, id=36792, stack(0x000000cd2ce00000,0x000000cd2cf00000) (1024K)]
  0x00000281e08f0f30 JavaThread "Worker-874: Initialize workspace"        [_thread_blocked, id=2500, stack(0x000000cd3a400000,0x000000cd3a500000) (1024K)]
  0x00000281e08f8550 JavaThread "Connection worker"                 [_thread_blocked, id=28380, stack(0x000000cd4bf00000,0x000000cd4c000000) (1024K)]
  0x00000281e08f8be0 JavaThread "pool-139-thread-1"                 [_thread_blocked, id=30064, stack(0x000000cd4c200000,0x000000cd4c300000) (1024K)]
  0x00000281e08f6480 JavaThread "Timer-139"                         [_thread_blocked, id=14680, stack(0x000000cd43200000,0x000000cd43300000) (1024K)]
  0x00000281e08f15c0 JavaThread "Connection worker"                 [_thread_blocked, id=22280, stack(0x000000cd4c400000,0x000000cd4c500000) (1024K)]
  0x00000281e08ee140 JavaThread "pool-141-thread-1"                 [_thread_blocked, id=32988, stack(0x000000cd4c500000,0x000000cd4c600000) (1024K)]
  0x00000281e0bdec70 JavaThread "Timer-140"                         [_thread_blocked, id=14940, stack(0x000000cd4c800000,0x000000cd4c900000) (1024K)]
  0x00000281e0bd2100 JavaThread "Worker-895: Initialize workspace"        [_thread_blocked, id=37656, stack(0x000000cd4ba00000,0x000000cd4bb00000) (1024K)]
  0x00000281d7b4c4b0 JavaThread "Timer-141"                         [_thread_blocked, id=21408, stack(0x000000cd4c700000,0x000000cd4c800000) (1024K)]
  0x00000281d7b49d50 JavaThread "Worker-902: Initialize workspace"        [_thread_blocked, id=16784, stack(0x000000cd4c600000,0x000000cd4c700000) (1024K)]
  0x00000281e08f5df0 JavaThread "Timer-142"                         [_thread_blocked, id=21216, stack(0x000000cd4cb00000,0x000000cd4cc00000) (1024K)]
  0x00000281e08f43b0 JavaThread "Worker-907: Initialize workspace"        [_thread_blocked, id=3724, stack(0x000000cd4cd00000,0x000000cd4ce00000) (1024K)]
  0x00000281e08f7ec0 JavaThread "Connection worker"                 [_thread_blocked, id=17092, stack(0x000000cd4ce00000,0x000000cd4cf00000) (1024K)]
  0x00000281e0a87800 JavaThread "pool-143-thread-1"                 [_thread_blocked, id=4160, stack(0x000000cd4cc00000,0x000000cd4cd00000) (1024K)]
  0x00000281e1385550 JavaThread "Timer-143"                         [_thread_blocked, id=27084, stack(0x000000cd4c900000,0x000000cd4ca00000) (1024K)]
  0x00000281d67e09f0 JavaThread "Worker-917: Initialize workspace"        [_thread_blocked, id=22296, stack(0x000000cd4cf00000,0x000000cd4d000000) (1024K)]
  0x00000281d79bf660 JavaThread "Connection worker"                 [_thread_blocked, id=1896, stack(0x000000cd4d500000,0x000000cd4d600000) (1024K)]
  0x00000281d62a2fb0 JavaThread "pool-145-thread-1"                 [_thread_blocked, id=6956, stack(0x000000cd32f00000,0x000000cd33000000) (1024K)]
  0x00000281e1235820 JavaThread "Timer-144"                         [_thread_blocked, id=23048, stack(0x000000cd31700000,0x000000cd31800000) (1024K)]
  0x00000281d7b49030 JavaThread "Worker-924: Initialize workspace"        [_thread_blocked, id=26040, stack(0x000000cd4ca00000,0x000000cd4cb00000) (1024K)]
  0x00000281d85d2d40 JavaThread "Timer-145"                         [_thread_blocked, id=24596, stack(0x000000cd4d700000,0x000000cd4d800000) (1024K)]
  0x00000281e0be4ee0 JavaThread "Worker-934: Initialize workspace"        [_thread_blocked, id=11772, stack(0x000000cd4d800000,0x000000cd4d900000) (1024K)]
  0x00000281d629ee10 JavaThread "Connection worker"                 [_thread_blocked, id=4488, stack(0x000000cd4db00000,0x000000cd4dc00000) (1024K)]
  0x00000281d67e1710 JavaThread "pool-147-thread-1"                 [_thread_blocked, id=15692, stack(0x000000cd4d200000,0x000000cd4d300000) (1024K)]
  0x00000281d7b4ec10 JavaThread "Timer-146"                         [_thread_blocked, id=40372, stack(0x000000cd4d400000,0x000000cd4d500000) (1024K)]
  0x00000281d8976520 JavaThread "Connection worker"                 [_thread_blocked, id=34140, stack(0x000000cd2f400000,0x000000cd2f500000) (1024K)]
  0x00000281d67ddc00 JavaThread "Worker-946: Initialize workspace"        [_thread_blocked, id=7044, stack(0x000000cd30200000,0x000000cd30300000) (1024K)]
  0x00000281e0bd1a70 JavaThread "Timer-147"                         [_thread_blocked, id=3124, stack(0x000000cd4d300000,0x000000cd4d400000) (1024K)]
  0x00000281e138f960 JavaThread "Worker-955: Initialize workspace"        [_thread_blocked, id=688, stack(0x000000cd4da00000,0x000000cd4db00000) (1024K)]
  0x00000281d7b4def0 JavaThread "Timer-148"                         [_thread_blocked, id=18576, stack(0x000000cd4df00000,0x000000cd4e000000) (1024K)]
  0x00000281e0be7640 JavaThread "Worker-961: Initialize workspace"        [_thread_blocked, id=34420, stack(0x000000cd4de00000,0x000000cd4df00000) (1024K)]
  0x00000281d86037f0 JavaThread "Timer-149"                         [_thread_blocked, id=26928, stack(0x000000cd4e500000,0x000000cd4e600000) (1024K)]
  0x00000281d8601db0 JavaThread "Worker-969: Initialize workspace"        [_thread_blocked, id=20500, stack(0x000000cd4e400000,0x000000cd4e500000) (1024K)]
  0x00000281d86086b0 JavaThread "Timer-150"                         [_thread_blocked, id=37452, stack(0x000000cd4ea00000,0x000000cd4eb00000) (1024K)]
  0x00000281d8603e80 JavaThread "Worker-977: Initialize workspace"        [_thread_blocked, id=23468, stack(0x000000cd4ed00000,0x000000cd4ee00000) (1024K)]
  0x00000281d86058c0 JavaThread "Timer-151"                         [_thread_blocked, id=40196, stack(0x000000cd46f00000,0x000000cd47000000) (1024K)]
  0x00000281d8609a60 JavaThread "Worker-987: Initialize workspace"        [_thread_blocked, id=37360, stack(0x000000cd30d00000,0x000000cd30e00000) (1024K)]
  0x00000281d860cee0 JavaThread "Timer-152"                         [_thread_blocked, id=31852, stack(0x000000cd4f300000,0x000000cd4f400000) (1024K)]
  0x00000281d8604510 JavaThread "Worker-997: Initialize workspace"        [_thread_blocked, id=29888, stack(0x000000cd2f600000,0x000000cd2f700000) (1024K)]
  0x00000281d860dc00 JavaThread "Timer-153"                         [_thread_blocked, id=7656, stack(0x000000cd4e600000,0x000000cd4e700000) (1024K)]
  0x00000281d860e290 JavaThread "Worker-1005: Initialize workspace"        [_thread_blocked, id=27892, stack(0x000000cd4e200000,0x000000cd4e300000) (1024K)]
  0x00000281d860e920 JavaThread "Timer-154"                         [_thread_blocked, id=28132, stack(0x000000cd4e900000,0x000000cd4ea00000) (1024K)]
  0x00000281d860bb30 JavaThread "Worker-1015: Initialize workspace"        [_thread_blocked, id=12128, stack(0x000000cd4f700000,0x000000cd4f800000) (1024K)]
  0x00000281d860f640 JavaThread "Connection worker"                 [_thread_blocked, id=30716, stack(0x000000cd4e800000,0x000000cd4e900000) (1024K)]
  0x00000281d8610360 JavaThread "pool-156-thread-1"                 [_thread_blocked, id=19436, stack(0x000000cd4fb00000,0x000000cd4fc00000) (1024K)]
  0x00000281d860c1c0 JavaThread "Timer-155"                         [_thread_blocked, id=16896, stack(0x000000cd33d00000,0x000000cd33e00000) (1024K)]
  0x00000281d6297160 JavaThread "Connection worker"                 [_thread_blocked, id=29092, stack(0x000000cd4f800000,0x000000cd4f900000) (1024K)]
  0x00000281d62a4360 JavaThread "Worker-1025: Initialize workspace"        [_thread_blocked, id=22104, stack(0x000000cd4dd00000,0x000000cd4de00000) (1024K)]
  0x00000281d8608020 JavaThread "Connection worker"                 [_thread_blocked, id=32860, stack(0x000000cd4f200000,0x000000cd4f300000) (1024K)]
  0x00000281d86109f0 JavaThread "Timer-156"                         [_thread_blocked, id=40940, stack(0x000000cd4f900000,0x000000cd4fa00000) (1024K)]
  0x00000281d860fcd0 JavaThread "pool-157-thread-1"                 [_thread_blocked, id=2656, stack(0x000000cd4fd00000,0x000000cd4fe00000) (1024K)]
  0x00000281e08ed420 JavaThread "Worker-1032: Initialize workspace"        [_thread_blocked, id=23912, stack(0x000000cd33e00000,0x000000cd33f00000) (1024K)]
  0x00000281e08f3690 JavaThread "Worker-1033: Initialize workspace"        [_thread_blocked, id=31412, stack(0x000000cd4ef00000,0x000000cd4f000000) (1024K)]
  0x00000281d7902cf0 JavaThread "Connection worker"                 [_thread_blocked, id=35780, stack(0x000000cd4fe00000,0x000000cd4ff00000) (1024K)]
  0x00000281d8605230 JavaThread "Timer-157"                         [_thread_blocked, id=31796, stack(0x000000cd4fa00000,0x000000cd4fb00000) (1024K)]
  0x00000281e0a42450 JavaThread "pool-158-thread-1"                 [_thread_blocked, id=25960, stack(0x000000cd50100000,0x000000cd50200000) (1024K)]
  0x00000281d860ae10 JavaThread "Connection worker"                 [_thread_blocked, id=25956, stack(0x000000cd50000000,0x000000cd50100000) (1024K)]
  0x00000281e06b9580 JavaThread "pool-159-thread-1"                 [_thread_blocked, id=39192, stack(0x000000cd50400000,0x000000cd50500000) (1024K)]
  0x00000281d7903a10 JavaThread "Timer-158"                         [_thread_blocked, id=36404, stack(0x000000cd50500000,0x000000cd50600000) (1024K)]
  0x00000281e12302d0 JavaThread "Worker-1046: Initialize workspace"        [_thread_blocked, id=15180, stack(0x000000cd4fc00000,0x000000cd4fd00000) (1024K)]
  0x00000281d8611080 JavaThread "Connection worker"                 [_thread_blocked, id=38244, stack(0x000000cd50600000,0x000000cd50700000) (1024K)]
  0x00000281d85b1410 JavaThread "pool-160-thread-1"                 [_thread_blocked, id=25744, stack(0x000000cd50300000,0x000000cd50400000) (1024K)]
  0x00000281d4536360 JavaThread "Timer-159"                         [_thread_blocked, id=22380, stack(0x000000cd50800000,0x000000cd50900000) (1024K)]
  0x00000281e0a43800 JavaThread "Worker-1055: Initialize workspace"        [_thread_blocked, id=30656, stack(0x000000cd4ff00000,0x000000cd50000000) (1024K)]
  0x00000281d68b9150 JavaThread "Connection worker"                 [_thread_blocked, id=22856, stack(0x000000cd50900000,0x000000cd50a00000) (1024K)]
  0x00000281d85d4780 JavaThread "pool-161-thread-1"                 [_thread_blocked, id=16152, stack(0x000000cd50b00000,0x000000cd50c00000) (1024K)]
  0x00000281d7781050 JavaThread "Timer-160"                         [_thread_blocked, id=36924, stack(0x000000cd50d00000,0x000000cd50e00000) (1024K)]
  0x00000281d7781d70 JavaThread "Worker-1062: Initialize workspace"        [_thread_blocked, id=40920, stack(0x000000cd50200000,0x000000cd50300000) (1024K)]
  0x00000281d7782a90 JavaThread "Connection worker"                 [_thread_blocked, id=36920, stack(0x000000cd50c00000,0x000000cd50d00000) (1024K)]
  0x00000281d7783120 JavaThread "pool-162-thread-1"                 [_thread_blocked, id=39492, stack(0x000000cd50e00000,0x000000cd50f00000) (1024K)]
  0x00000281d77844d0 JavaThread "Timer-161"                         [_thread_blocked, id=27096, stack(0x000000cd51000000,0x000000cd51100000) (1024K)]
  0x00000281d7783e40 JavaThread "Worker-1073: Initialize workspace"        [_thread_blocked, id=28464, stack(0x000000cd50f00000,0x000000cd51000000) (1024K)]
  0x00000281d7785f10 JavaThread "Timer-162"                         [_thread_blocked, id=23116, stack(0x000000cd51200000,0x000000cd51300000) (1024K)]
  0x00000281d77672e0 JavaThread "Worker-1080: Initialize workspace"        [_thread_blocked, id=24264, stack(0x000000cd51500000,0x000000cd51600000) (1024K)]
  0x00000281d7769a40 JavaThread "Timer-163"                         [_thread_blocked, id=19600, stack(0x000000cd50a00000,0x000000cd50b00000) (1024K)]
  0x00000281d77837b0 JavaThread "Worker-1089: Initialize workspace"        [_thread_blocked, id=37932, stack(0x000000cd50700000,0x000000cd50800000) (1024K)]
  0x00000281d776a760 JavaThread "Connection worker"                 [_thread_blocked, id=22224, stack(0x000000cd51800000,0x000000cd51900000) (1024K)]
  0x00000281d7768000 JavaThread "pool-165-thread-1"                 [_thread_blocked, id=39628, stack(0x000000cd51a00000,0x000000cd51b00000) (1024K)]
  0x00000281d776bb10 JavaThread "Timer-164"                         [_thread_blocked, id=38908, stack(0x000000cd51e00000,0x000000cd51f00000) (1024K)]
  0x00000281d776c1a0 JavaThread "Worker-1097: Initialize workspace"        [_thread_blocked, id=13868, stack(0x000000cd51f00000,0x000000cd52000000) (1024K)]
  0x00000281d776d550 JavaThread "Connection worker"                 [_thread_blocked, id=9960, stack(0x000000cd52100000,0x000000cd52200000) (1024K)]
  0x00000281d776e270 JavaThread "pool-166-thread-1"                 [_thread_blocked, id=17740, stack(0x000000cd52300000,0x000000cd52400000) (1024K)]
  0x00000281d776adf0 JavaThread "Timer-165"                         [_thread_blocked, id=36660, stack(0x000000cd52400000,0x000000cd52500000) (1024K)]
  0x00000281d776dbe0 JavaThread "Worker-1104: Initialize workspace"        [_thread_blocked, id=37976, stack(0x000000cd52200000,0x000000cd52300000) (1024K)]
  0x00000281d776b480 JavaThread "Connection worker"                 [_thread_blocked, id=38720, stack(0x000000cd52600000,0x000000cd52700000) (1024K)]
  0x00000281d7771d80 JavaThread "pool-167-thread-1"                 [_thread_blocked, id=40224, stack(0x000000cd52900000,0x000000cd52a00000) (1024K)]
  0x00000281d776ef90 JavaThread "Timer-166"                         [_thread_blocked, id=37624, stack(0x000000cd52000000,0x000000cd52100000) (1024K)]
  0x00000281d776f620 JavaThread "Worker-1111: Initialize workspace"        [_thread_blocked, id=14884, stack(0x000000cd3e000000,0x000000cd3e100000) (1024K)]
  0x00000281d776fcb0 JavaThread "Connection worker"                 [_thread_blocked, id=26596, stack(0x000000cd52a00000,0x000000cd52b00000) (1024K)]
  0x00000281d7772aa0 JavaThread "pool-168-thread-1"                 [_thread_blocked, id=23520, stack(0x000000cd52e00000,0x000000cd52f00000) (1024K)]
  0x00000281d7773130 JavaThread "Timer-167"                         [_thread_blocked, id=10356, stack(0x000000cd52c00000,0x000000cd52d00000) (1024K)]
  0x00000281d776e900 JavaThread "Worker-1117: Initialize workspace"        [_thread_blocked, id=29792, stack(0x000000cd52500000,0x000000cd52600000) (1024K)]
  0x00000281d7777ff0 JavaThread "Timer-168"                         [_thread_blocked, id=40840, stack(0x000000cd53600000,0x000000cd53700000) (1024K)]
  0x00000281d77737c0 JavaThread "Connection worker"                 [_thread_blocked, id=19380, stack(0x000000cd52f00000,0x000000cd53000000) (1024K)]
  0x00000281d7773e50 JavaThread "Worker-1127: Initialize workspace"        [_thread_blocked, id=27952, stack(0x000000cd53300000,0x000000cd53400000) (1024K)]
  0x00000281d7774b70 JavaThread "pool-170-thread-1"                 [_thread_blocked, id=37860, stack(0x000000cd52d00000,0x000000cd52e00000) (1024K)]
  0x00000281d7775f20 JavaThread "Timer-169"                         [_thread_blocked, id=26288, stack(0x000000cd53800000,0x000000cd53900000) (1024K)]
  0x00000281d7778680 JavaThread "Worker-1131: Initialize workspace"        [_thread_blocked, id=11044, stack(0x000000cd53900000,0x000000cd53a00000) (1024K)]
  0x00000281d7772410 JavaThread "Timer-170"                         [_thread_blocked, id=33376, stack(0x000000cd32500000,0x000000cd32600000) (1024K)]
  0x00000281d777a750 JavaThread "Worker-1137: Initialize workspace"        [_thread_blocked, id=32100, stack(0x000000cd53400000,0x000000cd53500000) (1024K)]
  0x00000281d7779a30 JavaThread "Timer-171"                         [_thread_blocked, id=15476, stack(0x000000cd53c00000,0x000000cd53d00000) (1024K)]
  0x00000281d7767970 JavaThread "Worker-1145: Initialize workspace"        [_thread_blocked, id=36144, stack(0x000000cd51100000,0x000000cd51200000) (1024K)]
  0x00000281d77772d0 JavaThread "Timer-172"                         [_thread_blocked, id=18616, stack(0x000000cd52700000,0x000000cd52800000) (1024K)]
  0x00000281d77744e0 JavaThread "Worker-1152: Initialize workspace"        [_thread_blocked, id=5508, stack(0x000000cd51400000,0x000000cd51500000) (1024K)]
  0x00000281d7776c40 JavaThread "Connection worker"                 [_thread_blocked, id=20076, stack(0x000000cd53000000,0x000000cd53100000) (1024K)]
  0x00000281d7771060 JavaThread "Timer-173"                         [_thread_blocked, id=1880, stack(0x000000cd52800000,0x000000cd52900000) (1024K)]
  0x00000281d776a0d0 JavaThread "pool-174-thread-1"                 [_thread_blocked, id=18460, stack(0x000000cd37500000,0x000000cd37600000) (1024K)]
  0x00000281d777ade0 JavaThread "Worker-1159: Initialize workspace"        [_thread_blocked, id=12604, stack(0x000000cd53500000,0x000000cd53600000) (1024K)]
  0x00000281d777e8f0 JavaThread "Timer-174"                         [_thread_blocked, id=17556, stack(0x000000cd53d00000,0x000000cd53e00000) (1024K)]
  0x00000281d777b470 JavaThread "Worker-1170: Initialize workspace"        [_thread_blocked, id=40276, stack(0x000000cd52b00000,0x000000cd52c00000) (1024K)]
  0x00000281d7780330 JavaThread "Timer-175"                         [_thread_blocked, id=31008, stack(0x000000cd54300000,0x000000cd54400000) (1024K)]
  0x00000281d777fca0 JavaThread "Connection worker"                 [_thread_blocked, id=26540, stack(0x000000cd31f00000,0x000000cd32000000) (1024K)]
  0x00000281d777f610 JavaThread "Worker-1173: Initialize workspace"        [_thread_blocked, id=30340, stack(0x000000cd31e00000,0x000000cd31f00000) (1024K)]
  0x00000281d7784b60 JavaThread "Connection worker"                 [_thread_blocked, id=27212, stack(0x000000cd54800000,0x000000cd54900000) (1024K)]
  0x00000281d77816e0 JavaThread "Timer-176"                         [_thread_blocked, id=24152, stack(0x000000cd54900000,0x000000cd54a00000) (1024K)]
  0x00000281d777c190 JavaThread "pool-177-thread-1"                 [_thread_blocked, id=32920, stack(0x000000cd54000000,0x000000cd54100000) (1024K)]
  0x00000281d7782400 JavaThread "Worker-1183: Initialize workspace"        [_thread_blocked, id=30752, stack(0x000000cd54400000,0x000000cd54500000) (1024K)]
  0x00000281d777ceb0 JavaThread "Timer-177"                         [_thread_blocked, id=12812, stack(0x000000cd54200000,0x000000cd54300000) (1024K)]
  0x00000281d6298510 JavaThread "Worker-1189: Initialize workspace"        [_thread_blocked, id=15388, stack(0x000000cd4f000000,0x000000cd4f100000) (1024K)]
  0x00000281d777dbd0 JavaThread "Connection worker"                 [_thread_blocked, id=4296, stack(0x000000cd54a00000,0x000000cd54b00000) (1024K)]
  0x00000281d77716f0 JavaThread "pool-179-thread-1"                 [_thread_blocked, id=19992, stack(0x000000cd54100000,0x000000cd54200000) (1024K)]
  0x00000281d77809c0 JavaThread "Timer-178"                         [_thread_blocked, id=26848, stack(0x000000cd54d00000,0x000000cd54e00000) (1024K)]
  0x00000281e0a85730 JavaThread "Connection worker"                 [_thread_blocked, id=13420, stack(0x000000cd55000000,0x000000cd55100000) (1024K)]
  0x00000281d7907520 JavaThread "Timer-179"                         [_thread_blocked, id=13968, stack(0x000000cd55300000,0x000000cd55400000) (1024K)]
  0x00000281d776c830 JavaThread "pool-180-thread-1"                 [_thread_blocked, id=27676, stack(0x000000cd55400000,0x000000cd55500000) (1024K)]
  0x00000281e0a3cf00 JavaThread "Worker-1204: Initialize workspace"        [_thread_blocked, id=25816, stack(0x000000cd54b00000,0x000000cd54c00000) (1024K)]
  0x00000281e749acf0 JavaThread "Timer-180"                         [_thread_blocked, id=35612, stack(0x000000cd55800000,0x000000cd55900000) (1024K)]
  0x00000281e7497870 JavaThread "Worker-1214: Initialize workspace"        [_thread_blocked, id=22576, stack(0x000000cd54700000,0x000000cd54800000) (1024K)]
  0x00000281e749ba10 JavaThread "Connection worker"                 [_thread_blocked, id=25852, stack(0x000000cd55600000,0x000000cd55700000) (1024K)]
  0x00000281e749c0a0 JavaThread "Timer-181"                         [_thread_blocked, id=37676, stack(0x000000cd54f00000,0x000000cd55000000) (1024K)]
  0x00000281e749c730 JavaThread "pool-182-thread-1"                 [_thread_blocked, id=4012, stack(0x000000cd55c00000,0x000000cd55d00000) (1024K)]
  0x00000281e7499940 JavaThread "Worker-1221: Initialize workspace"        [_thread_blocked, id=29688, stack(0x000000cd55900000,0x000000cd55a00000) (1024K)]
  0x00000281e749b380 JavaThread "Timer-182"                         [_thread_blocked, id=24648, stack(0x000000cd55b00000,0x000000cd55c00000) (1024K)]
  0x00000281e7497f00 JavaThread "Worker-1228: Initialize workspace"        [_thread_blocked, id=6980, stack(0x000000cd51c00000,0x000000cd51d00000) (1024K)]
  0x00000281e7498590 JavaThread "Timer-183"                         [_thread_blocked, id=6324, stack(0x000000cd55500000,0x000000cd55600000) (1024K)]
  0x00000281e74a08d0 JavaThread "Worker-1236: Initialize workspace"        [_thread_blocked, id=3572, stack(0x000000cd56300000,0x000000cd56400000) (1024K)]
  0x00000281e749dae0 JavaThread "Timer-184"                         [_thread_blocked, id=26276, stack(0x000000cd56200000,0x000000cd56300000) (1024K)]
  0x00000281e749ee90 JavaThread "Worker-1245: Initialize workspace"        [_thread_blocked, id=21292, stack(0x000000cd55d00000,0x000000cd55e00000) (1024K)]
  0x00000281e74a1c80 JavaThread "Connection worker"                 [_thread_blocked, id=14540, stack(0x000000cd2f700000,0x000000cd2f800000) (1024K)]
  0x00000281e74a29a0 JavaThread "Timer-185"                         [_thread_blocked, id=29712, stack(0x000000cd56400000,0x000000cd56500000) (1024K)]
  0x00000281e749f520 JavaThread "Worker-1253: Initialize workspace"        [_thread_blocked, id=32776, stack(0x000000cd56600000,0x000000cd56700000) (1024K)]
  0x00000281e7463700 JavaThread "Connection worker"                 [_thread_blocked, id=25912, stack(0x000000cd56b00000,0x000000cd56c00000) (1024K)]
  0x00000281e7463070 JavaThread "Timer-186"                         [_thread_blocked, id=4032, stack(0x000000cd56a00000,0x000000cd56b00000) (1024K)]
  0x00000281e74a3030 JavaThread "pool-187-thread-1"                 [_thread_blocked, id=6352, stack(0x000000cd56700000,0x000000cd56800000) (1024K)]
  0x00000281e7465e60 JavaThread "Worker-1262: Initialize workspace"        [_thread_blocked, id=15656, stack(0x000000cd56c00000,0x000000cd56d00000) (1024K)]
  0x00000281e7467210 JavaThread "Timer-187"                         [_thread_blocked, id=40856, stack(0x000000cd57000000,0x000000cd57100000) (1024K)]
  0x00000281e74678a0 JavaThread "Worker-1271: Initialize workspace"        [_thread_blocked, id=13848, stack(0x000000cd57100000,0x000000cd57200000) (1024K)]
  0x00000281e7463d90 JavaThread "Worker-1273: Initialize workspace"        [_thread_blocked, id=39008, stack(0x000000cd56e00000,0x000000cd56f00000) (1024K)]
  0x00000281e7464420 JavaThread "Timer-188"                         [_thread_blocked, id=37552, stack(0x000000cd57300000,0x000000cd57400000) (1024K)]
  0x00000281e74685c0 JavaThread "Connection worker"                 [_thread_blocked, id=2372, stack(0x000000cd57700000,0x000000cd57800000) (1024K)]
  0x00000281e74692e0 JavaThread "pool-190-thread-1"                 [_thread_blocked, id=5068, stack(0x000000cd57800000,0x000000cd57900000) (1024K)]
  0x00000281e746ba40 JavaThread "Timer-189"                         [_thread_blocked, id=23152, stack(0x000000cd57b00000,0x000000cd57c00000) (1024K)]
  0x00000281e746c0d0 JavaThread "Worker-1285: Initialize workspace"        [_thread_blocked, id=32696, stack(0x000000cd4e000000,0x000000cd4e100000) (1024K)]
  0x00000281e746e1a0 JavaThread "Timer-190"                         [_thread_blocked, id=18064, stack(0x000000cd57a00000,0x000000cd57b00000) (1024K)]
  0x00000281e746ad20 JavaThread "Worker-1293: Initialize workspace"        [_thread_blocked, id=32172, stack(0x000000cd57f00000,0x000000cd58000000) (1024K)]
  0x00000281e746cdf0 JavaThread "Connection worker"                 [_thread_blocked, id=35192, stack(0x000000cd57400000,0x000000cd57500000) (1024K)]
  0x00000281e7470270 JavaThread "pool-192-thread-1"                 [_thread_blocked, id=37520, stack(0x000000cd58300000,0x000000cd58400000) (1024K)]
  0x00000281e746f550 JavaThread "Timer-191"                         [_thread_blocked, id=19116, stack(0x000000cd58400000,0x000000cd58500000) (1024K)]
  0x00000281e7472340 JavaThread "Worker-1300: Initialize workspace"        [_thread_blocked, id=10120, stack(0x000000cd58700000,0x000000cd58800000) (1024K)]
  0x00000281e746fbe0 JavaThread "Connection worker"                 [_thread_blocked, id=12552, stack(0x000000cd58600000,0x000000cd58700000) (1024K)]
  0x00000281e746db10 JavaThread "pool-193-thread-1"                 [_thread_blocked, id=32984, stack(0x000000cd58900000,0x000000cd58a00000) (1024K)]
  0x00000281e7471620 JavaThread "Timer-192"                         [_thread_blocked, id=39296, stack(0x000000cd58a00000,0x000000cd58b00000) (1024K)]
  0x00000281e74729d0 JavaThread "Connection worker"                 [_thread_blocked, id=17308, stack(0x000000cd2dd00000,0x000000cd2de00000) (1024K)]
  0x00000281e746d480 JavaThread "Worker-1308: Initialize workspace"        [_thread_blocked, id=21748, stack(0x000000cd58200000,0x000000cd58300000) (1024K)]
  0x00000281e7474aa0 JavaThread "Connection worker"                 [_thread_blocked, id=33548, stack(0x000000cd33700000,0x000000cd33800000) (1024K)]
  0x00000281e74757c0 JavaThread "Timer-193"                         [_thread_blocked, id=32088, stack(0x000000cd58e00000,0x000000cd58f00000) (1024K)]
  0x00000281e7471cb0 JavaThread "pool-194-thread-1"                 [_thread_blocked, id=18524, stack(0x000000cd58b00000,0x000000cd58c00000) (1024K)]
  0x00000281e7475e50 JavaThread "Worker-1314: Initialize workspace"        [_thread_blocked, id=9696, stack(0x000000cd2e400000,0x000000cd2e500000) (1024K)]
  0x00000281e7476b70 JavaThread "Connection worker"                 [_thread_blocked, id=3552, stack(0x000000cd58f00000,0x000000cd59000000) (1024K)]
  0x00000281e7473060 JavaThread "Connection worker"                 [_thread_blocked, id=6348, stack(0x000000cd37b00000,0x000000cd37c00000) (1024K)]
  0x00000281e7475130 JavaThread "Timer-194"                         [_thread_blocked, id=23700, stack(0x000000cd58c00000,0x000000cd58d00000) (1024K)]
  0x00000281e7479960 JavaThread "pool-195-thread-1"                 [_thread_blocked, id=38868, stack(0x000000cd59000000,0x000000cd59100000) (1024K)]
  0x00000281e7477200 JavaThread "Worker-1322: Initialize workspace"        [_thread_blocked, id=31016, stack(0x000000cd59300000,0x000000cd59400000) (1024K)]
  0x00000281e7478c40 JavaThread "Timer-195"                         [_thread_blocked, id=25164, stack(0x000000cd59600000,0x000000cd59700000) (1024K)]
  0x00000281e74785b0 JavaThread "Worker-1327: Initialize workspace"        [_thread_blocked, id=35284, stack(0x000000cd59900000,0x000000cd59a00000) (1024K)]
  0x00000281e7479ff0 JavaThread "Timer-196"                         [_thread_blocked, id=25388, stack(0x000000cd59c00000,0x000000cd59d00000) (1024K)]
  0x00000281e74792d0 JavaThread "Worker-1335: Initialize workspace"        [_thread_blocked, id=22980, stack(0x000000cd59e00000,0x000000cd59f00000) (1024K)]
  0x00000281e747ba30 JavaThread "Worker-1337: Initialize workspace"        [_thread_blocked, id=24748, stack(0x000000cd59800000,0x000000cd59900000) (1024K)]
  0x00000281e747e190 JavaThread "Timer-197"                         [_thread_blocked, id=20128, stack(0x000000cd5a300000,0x000000cd5a400000) (1024K)]
  0x00000281e747d470 JavaThread "Connection worker"                 [_thread_blocked, id=27768, stack(0x000000cd5a600000,0x000000cd5a700000) (1024K)]
  0x00000281e747e820 JavaThread "pool-199-thread-1"                 [_thread_blocked, id=35684, stack(0x000000cd5a400000,0x000000cd5a500000) (1024K)]
  0x00000281e747f540 JavaThread "Timer-198"                         [_thread_blocked, id=31000, stack(0x000000cd5a800000,0x000000cd5a900000) (1024K)]
  0x00000281e74836e0 JavaThread "Worker-1348: Initialize workspace"        [_thread_blocked, id=23860, stack(0x000000cd5a900000,0x000000cd5aa00000) (1024K)]
  0x00000281e7481610 JavaThread "Timer-199"                         [_thread_blocked, id=27240, stack(0x000000cd5ad00000,0x000000cd5ae00000) (1024K)]
  0x00000281e7480260 JavaThread "Worker-1358: Initialize workspace"        [_thread_blocked, id=40288, stack(0x000000cd58100000,0x000000cd58200000) (1024K)]
  0x00000281e7483d70 JavaThread "Timer-200"                         [_thread_blocked, id=24440, stack(0x000000cd5ac00000,0x000000cd5ad00000) (1024K)]
  0x00000281e7484400 JavaThread "Worker-1368: Initialize workspace"        [_thread_blocked, id=21316, stack(0x000000cd5ae00000,0x000000cd5af00000) (1024K)]
  0x00000281e7485120 JavaThread "Connection worker"                 [_thread_blocked, id=21464, stack(0x000000cd5b000000,0x000000cd5b100000) (1024K)]
  0x00000281e747eeb0 JavaThread "pool-201-thread-1"                 [_thread_blocked, id=12716, stack(0x000000cd58500000,0x000000cd58600000) (1024K)]
  0x00000281e74857b0 JavaThread "Timer-201"                         [_thread_blocked, id=14224, stack(0x000000cd5b100000,0x000000cd5b200000) (1024K)]
  0x00000281e74829c0 JavaThread "Worker-1376: Initialize workspace"        [_thread_blocked, id=30412, stack(0x000000cd5a700000,0x000000cd5a800000) (1024K)]
  0x00000281e7487880 JavaThread "Connection worker"                 [_thread_blocked, id=24508, stack(0x000000cd5b600000,0x000000cd5b700000) (1024K)]
  0x00000281e7487f10 JavaThread "Timer-202"                         [_thread_blocked, id=27904, stack(0x000000cd5b700000,0x000000cd5b800000) (1024K)]
  0x00000281e74864d0 JavaThread "pool-203-thread-1"                 [_thread_blocked, id=10236, stack(0x000000cd5ba00000,0x000000cd5bb00000) (1024K)]
  0x00000281e7486b60 JavaThread "Worker-1383: Initialize workspace"        [_thread_blocked, id=788, stack(0x000000cd5bb00000,0x000000cd5bc00000) (1024K)]
  0x00000281e748ba20 JavaThread "Timer-203"                         [_thread_blocked, id=32868, stack(0x000000cd5bf00000,0x000000cd5c000000) (1024K)]
  0x00000281e748c740 JavaThread "Worker-1394: Initialize workspace"        [_thread_blocked, id=22496, stack(0x000000cd5be00000,0x000000cd5bf00000) (1024K)]
  0x00000281e748b390 JavaThread "Timer-204"                         [_thread_blocked, id=3608, stack(0x000000cd5bd00000,0x000000cd5be00000) (1024K)]
  0x00000281e7481ca0 JavaThread "Worker-1405: Initialize workspace"        [_thread_blocked, id=19876, stack(0x000000cd5ab00000,0x000000cd5ac00000) (1024K)]
  0x00000281e748daf0 JavaThread "Timer-205"                         [_thread_blocked, id=20040, stack(0x000000cd5c200000,0x000000cd5c300000) (1024K)]
  0x00000281e7489fe0 JavaThread "Worker-1410: Initialize workspace"        [_thread_blocked, id=24556, stack(0x000000cd5c600000,0x000000cd5c700000) (1024K)]
  0x00000281e74908e0 JavaThread "Connection worker"                 [_thread_blocked, id=6080, stack(0x000000cd5cc00000,0x000000cd5cd00000) (1024K)]
  0x00000281e7490f70 JavaThread "pool-206-thread-1"                 [_thread_blocked, id=21716, stack(0x000000cd5ca00000,0x000000cd5cb00000) (1024K)]
  0x00000281e748e180 JavaThread "Timer-206"                         [_thread_blocked, id=30928, stack(0x000000cd5c900000,0x000000cd5ca00000) (1024K)]
  0x00000281e7488c30 JavaThread "Worker-1418: Initialize workspace"        [_thread_blocked, id=17940, stack(0x000000cd5c700000,0x000000cd5c800000) (1024K)]
  0x00000281e74885a0 JavaThread "Connection worker"                 [_thread_blocked, id=7660, stack(0x000000cd56900000,0x000000cd56a00000) (1024K)]
  0x00000281e74871f0 JavaThread "pool-208-thread-1"                 [_thread_blocked, id=16836, stack(0x000000cd56d00000,0x000000cd56e00000) (1024K)]
  0x00000281e7484a90 JavaThread "Timer-207"                         [_thread_blocked, id=25208, stack(0x000000cd37700000,0x000000cd37800000) (1024K)]
  0x00000281e74808f0 JavaThread "Worker-1424: Initialize workspace"        [_thread_blocked, id=700, stack(0x000000cd2e200000,0x000000cd2e300000) (1024K)]
  0x00000281e7490250 JavaThread "Timer-208"                         [_thread_blocked, id=14476, stack(0x000000cd57e00000,0x000000cd57f00000) (1024K)]
  0x00000281e748fbc0 JavaThread "Connection worker"                 [_thread_blocked, id=14588, stack(0x000000cd35d00000,0x000000cd35e00000) (1024K)]
  0x00000281e74943f0 JavaThread "Worker-1435: Initialize workspace"        [_thread_blocked, id=16996, stack(0x000000cd58d00000,0x000000cd58e00000) (1024K)]
  0x00000281e74936d0 JavaThread "Connection worker"                 [_thread_blocked, id=12692, stack(0x000000cd59700000,0x000000cd59800000) (1024K)]
  0x00000281e7495e30 JavaThread "pool-210-thread-1"                 [_thread_blocked, id=15012, stack(0x000000cd5a500000,0x000000cd5a600000) (1024K)]
  0x00000281e748c0b0 JavaThread "Timer-209"                         [_thread_blocked, id=22068, stack(0x000000cd57c00000,0x000000cd57d00000) (1024K)]
  0x00000281e7495110 JavaThread "Worker-1446: Initialize workspace"        [_thread_blocked, id=12672, stack(0x000000cd5af00000,0x000000cd5b000000) (1024K)]
  0x00000281e7493d60 JavaThread "Timer-210"                         [_thread_blocked, id=21016, stack(0x000000cd59d00000,0x000000cd59e00000) (1024K)]
  0x00000281e74964c0 JavaThread "Worker-1452: Initialize workspace"        [_thread_blocked, id=12788, stack(0x000000cd5b400000,0x000000cd5b500000) (1024K)]
  0x00000281e7496b50 JavaThread "Connection worker"                 [_thread_blocked, id=7820, stack(0x000000cd5c500000,0x000000cd5c600000) (1024K)]
  0x00000281e74a36c0 JavaThread "pool-212-thread-1"                 [_thread_blocked, id=35660, stack(0x000000cd5ce00000,0x000000cd5cf00000) (1024K)]
  0x00000281e7464ab0 JavaThread "Timer-211"                         [_thread_blocked, id=33840, stack(0x000000cd5d000000,0x000000cd5d100000) (1024K)]
  0x00000281e74971e0 JavaThread "Worker-1459: Initialize workspace"        [_thread_blocked, id=7048, stack(0x000000cd5c300000,0x000000cd5c400000) (1024K)]
  0x00000281e74a2310 JavaThread "Connection worker"                 [_thread_blocked, id=29828, stack(0x000000cd32c00000,0x000000cd32d00000) (1024K)]
  0x00000281e7465140 JavaThread "Connection worker"                 [_thread_blocked, id=37168, stack(0x000000cd5c100000,0x000000cd5c200000) (1024K)]
  0x00000281e746a000 JavaThread "pool-213-thread-1"                 [_thread_blocked, id=32064, stack(0x000000cd5d100000,0x000000cd5d200000) (1024K)]
  0x00000281e7470f90 JavaThread "Timer-212"                         [_thread_blocked, id=5764, stack(0x000000cd5d400000,0x000000cd5d500000) (1024K)]
  0x00000281e746e830 JavaThread "Worker-1467: Initialize workspace"        [_thread_blocked, id=33404, stack(0x000000cd5d200000,0x000000cd5d300000) (1024K)]
  0x00000281e7473d80 JavaThread "Connection worker"                 [_thread_blocked, id=39300, stack(0x000000cd5d600000,0x000000cd5d700000) (1024K)]
  0x00000281e74764e0 JavaThread "pool-214-thread-1"                 [_thread_blocked, id=33288, stack(0x000000cd5d800000,0x000000cd5d900000) (1024K)]
  0x00000281d48b0c70 JavaThread "Timer-213"                         [_thread_blocked, id=32148, stack(0x000000cd5cd00000,0x000000cd5ce00000) (1024K)]
  0x00000281e7470900 JavaThread "Worker-1474: Initialize workspace"        [_thread_blocked, id=40672, stack(0x000000cd5d900000,0x000000cd5da00000) (1024K)]
  0x00000281e747b3a0 JavaThread "Connection worker"                 [_thread_blocked, id=11512, stack(0x000000cd5da00000,0x000000cd5db00000) (1024K)]
  0x00000281e7469970 JavaThread "pool-215-thread-1"                 [_thread_blocked, id=32292, stack(0x000000cd36400000,0x000000cd36500000) (1024K)]
  0x00000281e748cdd0 JavaThread "Timer-214"                         [_thread_blocked, id=6276, stack(0x000000cd5db00000,0x000000cd5dc00000) (1024K)]
  0x00000281e747a680 JavaThread "Worker-1480: Initialize workspace"        [_thread_blocked, id=17608, stack(0x000000cd5d500000,0x000000cd5d600000) (1024K)]
  0x00000281d68bab90 JavaThread "Timer-215"                         [_thread_blocked, id=36280, stack(0x000000cd5d700000,0x000000cd5d800000) (1024K)]
  0x00000281d85b62d0 JavaThread "Timer-216"                         [_thread_blocked, id=15400, stack(0x000000cd4eb00000,0x000000cd4ec00000) (1024K)]
  0x00000281d68b9e70 JavaThread "Worker-1496: Initialize workspace"        [_thread_blocked, id=3120, stack(0x000000cd5e400000,0x000000cd5e500000) (1024K)]
  0x00000281e747c750 JavaThread "Timer-217"                         [_thread_blocked, id=25568, stack(0x000000cd5ea00000,0x000000cd5eb00000) (1024K)]
  0x00000281e0a41dc0 JavaThread "Worker-1506: Initialize workspace"        [_thread_blocked, id=13188, stack(0x000000cd5e700000,0x000000cd5e800000) (1024K)]
  0x00000281d79c1730 JavaThread "Timer-218"                         [_thread_blocked, id=39872, stack(0x000000cd5f000000,0x000000cd5f100000) (1024K)]
  0x00000281d77793a0 JavaThread "Worker-1515: Initialize workspace"        [_thread_blocked, id=37764, stack(0x000000cd5ed00000,0x000000cd5ee00000) (1024K)]
  0x00000281d85d6850 JavaThread "Connection worker"                 [_thread_blocked, id=38896, stack(0x000000cd39d00000,0x000000cd39e00000) (1024K)]
  0x00000281d85d3a60 JavaThread "Connection worker"                 [_thread_blocked, id=27928, stack(0x000000cd39a00000,0x000000cd39b00000) (1024K)]
  0x00000281d47fc450 JavaThread "pool-220-thread-1"                 [_thread_blocked, id=13852, stack(0x000000cd5ef00000,0x000000cd5f000000) (1024K)]
  0x00000281e7482330 JavaThread "Timer-219"                         [_thread_blocked, id=25084, stack(0x000000cd5f400000,0x000000cd5f500000) (1024K)]
  0x00000281e7492320 JavaThread "Worker-1523: Initialize workspace"        [_thread_blocked, id=29616, stack(0x000000cd2e100000,0x000000cd2e200000) (1024K)]
  0x00000281e749e170 JavaThread "Worker-1527: Initialize workspace"        [_thread_blocked, id=39428, stack(0x000000cd59100000,0x000000cd59200000) (1024K)]
  0x00000281d629a5e0 JavaThread "Connection worker"                 [_thread_blocked, id=24000, stack(0x000000cd5d300000,0x000000cd5d400000) (1024K)]
  0x00000281d62a2920 JavaThread "pool-221-thread-1"                 [_thread_blocked, id=10088, stack(0x000000cd57200000,0x000000cd57300000) (1024K)]
  0x00000281d67e4500 JavaThread "Timer-220"                         [_thread_blocked, id=12052, stack(0x000000cd5e500000,0x000000cd5e600000) (1024K)]
  0x00000281e7493040 JavaThread "Connection worker"                 [_thread_blocked, id=29372, stack(0x000000cd5c800000,0x000000cd5c900000) (1024K)]
  0x00000281e06b5a70 JavaThread "pool-222-thread-1"                 [_thread_blocked, id=33412, stack(0x000000cd5f100000,0x000000cd5f200000) (1024K)]
  0x00000281d629ac70 JavaThread "Timer-221"                         [_thread_blocked, id=4388, stack(0x000000cd5f200000,0x000000cd5f300000) (1024K)]
  0x00000281d68b8ac0 JavaThread "Worker-1542: Initialize workspace"        [_thread_blocked, id=33460, stack(0x000000cd5f300000,0x000000cd5f400000) (1024K)]
  0x00000281e8a36e50 JavaThread "Timer-222"                         [_thread_blocked, id=31884, stack(0x000000cd5f800000,0x000000cd5f900000) (1024K)]
  0x00000281e8a37b70 JavaThread "Worker-1548: Initialize workspace"        [_thread_blocked, id=15824, stack(0x000000cd5f500000,0x000000cd5f600000) (1024K)]
  0x00000281e8a367c0 JavaThread "Connection worker"                 [_thread_blocked, id=19808, stack(0x000000cd32b00000,0x000000cd32c00000) (1024K)]
  0x00000281e8a3a960 JavaThread "pool-224-thread-1"                 [_thread_blocked, id=17760, stack(0x000000cd5eb00000,0x000000cd5ec00000) (1024K)]
  0x00000281e8a3aff0 JavaThread "Timer-223"                         [_thread_blocked, id=9224, stack(0x000000cd5fa00000,0x000000cd5fb00000) (1024K)]
  0x00000281e8a3b680 JavaThread "Worker-1556: Initialize workspace"        [_thread_blocked, id=18348, stack(0x000000cd5fb00000,0x000000cd5fc00000) (1024K)]
  0x00000281e8a3bd10 JavaThread "Connection worker"                 [_thread_blocked, id=2972, stack(0x000000cd5fc00000,0x000000cd5fd00000) (1024K)]
  0x00000281e8a3c3a0 JavaThread "pool-225-thread-1"                 [_thread_blocked, id=29448, stack(0x000000cd5fe00000,0x000000cd5ff00000) (1024K)]
  0x00000281e8a3ca30 JavaThread "Timer-224"                         [_thread_blocked, id=12752, stack(0x000000cd5f900000,0x000000cd5fa00000) (1024K)]
  0x00000281e8a3a2d0 JavaThread "Worker-1566: Initialize workspace"        [_thread_blocked, id=13528, stack(0x000000cd60100000,0x000000cd60200000) (1024K)]
  0x00000281e8a3d0c0 JavaThread "Connection worker"                 [_thread_blocked, id=26708, stack(0x000000cd31400000,0x000000cd31500000) (1024K)]
  0x00000281e8a3eb00 JavaThread "Timer-225"                         [_thread_blocked, id=14132, stack(0x000000cd3ca00000,0x000000cd3cb00000) (1024K)]
  0x00000281e8a41260 JavaThread "Worker-1573: Initialize workspace"        [_thread_blocked, id=18244, stack(0x000000cd60300000,0x000000cd60400000) (1024K)]
  0x00000281e8a395b0 JavaThread "Connection worker"                 [_thread_blocked, id=34940, stack(0x000000cd5ff00000,0x000000cd60000000) (1024K)]
  0x00000281e8a3d750 JavaThread "pool-227-thread-1"                 [_thread_blocked, id=24660, stack(0x000000cd60400000,0x000000cd60500000) (1024K)]
  0x00000281e8a44050 JavaThread "Timer-226"                         [_thread_blocked, id=35972, stack(0x000000cd60600000,0x000000cd60700000) (1024K)]
  0x00000281e8a446e0 JavaThread "Worker-1580: Initialize workspace"        [_thread_blocked, id=40096, stack(0x000000cd60500000,0x000000cd60600000) (1024K)]
  0x00000281e8a3dde0 JavaThread "Timer-227"                         [_thread_blocked, id=21172, stack(0x000000cd3cc00000,0x000000cd3cd00000) (1024K)]
  0x00000281e8a439c0 JavaThread "Worker-1586: Initialize workspace"        [_thread_blocked, id=14448, stack(0x000000cd60900000,0x000000cd60a00000) (1024K)]
  0x00000281e8a48f10 JavaThread "Timer-228"                         [_thread_blocked, id=27188, stack(0x000000cd61100000,0x000000cd61200000) (1024K)]
  0x00000281e8a46e40 JavaThread "Worker-1594: Initialize workspace"        [_thread_blocked, id=5172, stack(0x000000cd60800000,0x000000cd60900000) (1024K)]
  0x00000281e8a48880 JavaThread "Connection worker"                 [_thread_blocked, id=35220, stack(0x000000cd61000000,0x000000cd61100000) (1024K)]
  0x00000281e8a467b0 JavaThread "pool-230-thread-1"                 [_thread_blocked, id=34180, stack(0x000000cd61700000,0x000000cd61800000) (1024K)]
  0x00000281e8a42610 JavaThread "Timer-229"                         [_thread_blocked, id=31616, stack(0x000000cd60c00000,0x000000cd60d00000) (1024K)]
  0x00000281e8a47b60 JavaThread "Worker-1601: Initialize workspace"        [_thread_blocked, id=18784, stack(0x000000cd61200000,0x000000cd61300000) (1024K)]
  0x00000281e8a474d0 JavaThread "Connection worker"                 [_thread_blocked, id=34084, stack(0x000000cd61600000,0x000000cd61700000) (1024K)]
  0x00000281e8a481f0 JavaThread "pool-231-thread-1"                 [_thread_blocked, id=20880, stack(0x000000cd61800000,0x000000cd61900000) (1024K)]
  0x00000281e8a45a90 JavaThread "Connection worker"                 [_thread_blocked, id=36804, stack(0x000000cd60f00000,0x000000cd61000000) (1024K)]
  0x00000281e8a4bd00 JavaThread "Timer-230"                         [_thread_blocked, id=11816, stack(0x000000cd61a00000,0x000000cd61b00000) (1024K)]
  0x00000281e8a4a950 JavaThread "Worker-1610: Initialize workspace"        [_thread_blocked, id=20816, stack(0x000000cd34800000,0x000000cd34900000) (1024K)]
  0x00000281e8a4d0b0 JavaThread "Timer-231"                         [_thread_blocked, id=31716, stack(0x000000cd61b00000,0x000000cd61c00000) (1024K)]
  0x00000281e8a49c30 JavaThread "Connection worker"                 [_thread_blocked, id=1552, stack(0x000000cd2bf00000,0x000000cd2c000000) (1024K)]
  0x00000281e8a46120 JavaThread "Worker-1618: Initialize workspace"        [_thread_blocked, id=12484, stack(0x000000cd61500000,0x000000cd61600000) (1024K)]
  0x00000281e8a4afe0 JavaThread "Timer-232"                         [_thread_blocked, id=27856, stack(0x000000cd62600000,0x000000cd62700000) (1024K)]
  0x00000281e8a4eaf0 JavaThread "Worker-1626: Initialize workspace"        [_thread_blocked, id=18512, stack(0x000000cd34600000,0x000000cd34700000) (1024K)]
  0x00000281e8a38200 JavaThread "Timer-233"                         [_thread_blocked, id=28828, stack(0x000000cd5e100000,0x000000cd5e200000) (1024K)]
  0x00000281e8a52c90 JavaThread "Worker-1640: Initialize workspace"        [_thread_blocked, id=31624, stack(0x000000cd62900000,0x000000cd62a00000) (1024K)]
  0x00000281e8a51f70 JavaThread "Connection worker"                 [_thread_blocked, id=37228, stack(0x000000cd62700000,0x000000cd62800000) (1024K)]
  0x00000281e8a539b0 JavaThread "pool-235-thread-1"                 [_thread_blocked, id=36728, stack(0x000000cd62a00000,0x000000cd62b00000) (1024K)]
  0x00000281e8a51250 JavaThread "Timer-234"                         [_thread_blocked, id=5116, stack(0x000000cd62c00000,0x000000cd62d00000) (1024K)]
  0x00000281e8a54d60 JavaThread "Worker-1646: Initialize workspace"        [_thread_blocked, id=2920, stack(0x000000cd62b00000,0x000000cd62c00000) (1024K)]
  0x00000281e8a546d0 JavaThread "Timer-235"                         [_thread_blocked, id=36656, stack(0x000000cd63200000,0x000000cd63300000) (1024K)]
  0x00000281e8a58f00 JavaThread "Worker-1652: Initialize workspace"        [_thread_blocked, id=32908, stack(0x000000cd62f00000,0x000000cd63000000) (1024K)]
  0x00000281e8a553f0 JavaThread "Connection worker"                 [_thread_blocked, id=27292, stack(0x000000cd63500000,0x000000cd63600000) (1024K)]
  0x00000281e8a52600 JavaThread "pool-237-thread-1"                 [_thread_blocked, id=10384, stack(0x000000cd62500000,0x000000cd62600000) (1024K)]
  0x00000281e8a59c20 JavaThread "Timer-236"                         [_thread_blocked, id=32280, stack(0x000000cd63800000,0x000000cd63900000) (1024K)]
  0x00000281e8a59590 JavaThread "Worker-1660: Initialize workspace"        [_thread_blocked, id=36080, stack(0x000000cd63600000,0x000000cd63700000) (1024K)]
  0x00000281e8a5ddc0 JavaThread "Connection worker"                 [_thread_blocked, id=38180, stack(0x000000cd63c00000,0x000000cd63d00000) (1024K)]
  0x00000281e8a56e30 JavaThread "pool-238-thread-1"                 [_thread_blocked, id=23016, stack(0x000000cd63a00000,0x000000cd63b00000) (1024K)]
  0x00000281e8a5d730 JavaThread "Timer-237"                         [_thread_blocked, id=5108, stack(0x000000cd63d00000,0x000000cd63e00000) (1024K)]
  0x00000281e8a5d0a0 JavaThread "Worker-1667: Initialize workspace"        [_thread_blocked, id=21688, stack(0x000000cd63b00000,0x000000cd63c00000) (1024K)]
  0x00000281e8a5b660 JavaThread "Worker-1668: Initialize workspace"        [_thread_blocked, id=36736, stack(0x000000cd63e00000,0x000000cd63f00000) (1024K)]
  0x00000281e8a581e0 JavaThread "Connection worker"                 [_thread_blocked, id=23268, stack(0x000000cd63400000,0x000000cd63500000) (1024K)]
  0x00000281e8a5ca10 JavaThread "pool-239-thread-1"                 [_thread_blocked, id=18352, stack(0x000000cd64300000,0x000000cd64400000) (1024K)]
  0x00000281e8a5a2b0 JavaThread "Timer-238"                         [_thread_blocked, id=26092, stack(0x000000cd64400000,0x000000cd64500000) (1024K)]
  0x00000281e8a61240 JavaThread "Connection worker"                 [_thread_blocked, id=40516, stack(0x000000cd3ce00000,0x000000cd3cf00000) (1024K)]
  0x00000281e8a5f170 JavaThread "Worker-1673: Initialize workspace"        [_thread_blocked, id=10160, stack(0x000000cd3d100000,0x000000cd3d200000) (1024K)]
  0x00000281e8a618d0 JavaThread "Connection worker"                 [_thread_blocked, id=38440, stack(0x000000cd64200000,0x000000cd64300000) (1024K)]
  0x00000281e8a60520 JavaThread "pool-240-thread-1"                 [_thread_blocked, id=23828, stack(0x000000cd64700000,0x000000cd64800000) (1024K)]
  0x00000281e8a5fe90 JavaThread "Timer-239"                         [_thread_blocked, id=10952, stack(0x000000cd64600000,0x000000cd64700000) (1024K)]
  0x00000281e8a639a0 JavaThread "Worker-1679: Initialize workspace"        [_thread_blocked, id=36884, stack(0x000000cd64900000,0x000000cd64a00000) (1024K)]
  0x00000281e8a60bb0 JavaThread "Timer-240"                         [_thread_blocked, id=20328, stack(0x000000cd64800000,0x000000cd64900000) (1024K)]
  0x00000281e8a5afd0 JavaThread "Worker-1684: Initialize workspace"        [_thread_blocked, id=40648, stack(0x000000cd39500000,0x000000cd39600000) (1024K)]
  0x00000281e8a62c80 JavaThread "Connection worker"                 [_thread_blocked, id=40388, stack(0x000000cd64d00000,0x000000cd64e00000) (1024K)]
  0x00000281e8a65a70 JavaThread "pool-241-thread-1"                 [_thread_blocked, id=13704, stack(0x000000cd64f00000,0x000000cd65000000) (1024K)]
  0x00000281e8a67b40 JavaThread "Timer-241"                         [_thread_blocked, id=33848, stack(0x000000cd65000000,0x000000cd65100000) (1024K)]
  0x00000281e8a5bcf0 JavaThread "Worker-1693: Initialize workspace"        [_thread_blocked, id=32592, stack(0x000000cd64000000,0x000000cd64100000) (1024K)]
  0x00000281e8a66790 JavaThread "Timer-242"                         [_thread_blocked, id=33756, stack(0x000000cd3ab00000,0x000000cd3ac00000) (1024K)]
  0x00000281e8a63310 JavaThread "Worker-1700: Initialize workspace"        [_thread_blocked, id=30188, stack(0x000000cd65400000,0x000000cd65500000) (1024K)]
  0x00000281e8a6ca00 JavaThread "Connection worker"                 [_thread_blocked, id=13460, stack(0x000000cd4e700000,0x000000cd4e800000) (1024K)]
  0x00000281e8a68860 JavaThread "Timer-243"                         [_thread_blocked, id=21664, stack(0x000000cd65600000,0x000000cd65700000) (1024K)]
  0x00000281e8a6d720 JavaThread "Worker-1713: Initialize workspace"        [_thread_blocked, id=35668, stack(0x000000cd65c00000,0x000000cd65d00000) (1024K)]
  0x00000281e8a6ead0 JavaThread "Timer-244"                         [_thread_blocked, id=13624, stack(0x000000cd65700000,0x000000cd65800000) (1024K)]
  0x00000281e8a6f7f0 JavaThread "Worker-1721: Initialize workspace"        [_thread_blocked, id=20292, stack(0x000000cd65f00000,0x000000cd66000000) (1024K)]
  0x00000281e8a6b650 JavaThread "Worker-1725: Initialize workspace"        [_thread_blocked, id=40036, stack(0x000000cd65100000,0x000000cd65200000) (1024K)]
  0x00000281e8a6ddb0 JavaThread "Connection worker"                 [_thread_blocked, id=18428, stack(0x000000cd65d00000,0x000000cd65e00000) (1024K)]
  0x00000281e8a73300 JavaThread "Timer-245"                         [_thread_blocked, id=25544, stack(0x000000cd66100000,0x000000cd66200000) (1024K)]
  0x00000281e8a71230 JavaThread "pool-246-thread-1"                 [_thread_blocked, id=38300, stack(0x000000cd66400000,0x000000cd66500000) (1024K)]
  0x00000281e8a6d090 JavaThread "Timer-246"                         [_thread_blocked, id=22476, stack(0x000000cd66300000,0x000000cd66400000) (1024K)]
  0x00000281e8a70ba0 JavaThread "Connection worker"                 [_thread_blocked, id=36880, stack(0x000000cd66900000,0x000000cd66a00000) (1024K)]
  0x00000281e8a6c370 JavaThread "Timer-247"                         [_thread_blocked, id=32156, stack(0x000000cd66800000,0x000000cd66900000) (1024K)]
  0x00000281e8a75a60 JavaThread "pool-248-thread-1"                 [_thread_blocked, id=2236, stack(0x000000cd34a00000,0x000000cd34b00000) (1024K)]
  0x00000281e8a72c70 JavaThread "Connection worker"                 [_thread_blocked, id=23556, stack(0x000000cd38900000,0x000000cd38a00000) (1024K)]
  0x00000281e8a760f0 JavaThread "Worker-1750: Initialize workspace"        [_thread_blocked, id=24552, stack(0x000000cd4ee00000,0x000000cd4ef00000) (1024K)]
  0x00000281e8a718c0 JavaThread "Timer-248"                         [_thread_blocked, id=18464, stack(0x000000cd44200000,0x000000cd44300000) (1024K)]
  0x00000281e8a70510 JavaThread "Worker-1757: Initialize workspace"        [_thread_blocked, id=35928, stack(0x000000cd48b00000,0x000000cd48c00000) (1024K)]
  0x00000281e8a753d0 JavaThread "Connection worker"                 [_thread_blocked, id=38988, stack(0x000000cd61300000,0x000000cd61400000) (1024K)]
  0x00000281e8a725e0 JavaThread "pool-250-thread-1"                 [_thread_blocked, id=12428, stack(0x000000cd38e00000,0x000000cd38f00000) (1024K)]
  0x00000281e8a74020 JavaThread "Timer-249"                         [_thread_blocked, id=31556, stack(0x000000cd61400000,0x000000cd61500000) (1024K)]
  0x00000281e8a76780 JavaThread "Worker-1765: Initialize workspace"        [_thread_blocked, id=25580, stack(0x000000cd61900000,0x000000cd61a00000) (1024K)]
  0x00000281e8a40bd0 JavaThread "Timer-250"                         [_thread_blocked, id=18988, stack(0x000000cd62100000,0x000000cd62200000) (1024K)]
  0x00000281e8a495a0 JavaThread "Worker-1774: Initialize workspace"        [_thread_blocked, id=19696, stack(0x000000cd5e900000,0x000000cd5ea00000) (1024K)]
  0x00000281e8a4fea0 JavaThread "Timer-251"                         [_thread_blocked, id=3416, stack(0x000000cd62e00000,0x000000cd62f00000) (1024K)]
  0x00000281e8a746b0 JavaThread "Worker-1781: Initialize workspace"        [_thread_blocked, id=9384, stack(0x000000cd4bb00000,0x000000cd4bc00000) (1024K)]
  0x00000281e8a57b50 JavaThread "Connection worker"                 [_thread_blocked, id=29508, stack(0x000000cd64a00000,0x000000cd64b00000) (1024K)]
  0x00000281e8a38f20 JavaThread "Timer-252"                         [_thread_blocked, id=27960, stack(0x000000cd5fd00000,0x000000cd5fe00000) (1024K)]
  0x00000281e8a5f800 JavaThread "pool-252-thread-1"                 [_thread_blocked, id=31096, stack(0x000000cd65500000,0x000000cd65600000) (1024K)]
  0x00000281e8a50530 JavaThread "Worker-1791: Initialize workspace"        [_thread_blocked, id=28308, stack(0x000000cd62000000,0x000000cd62100000) (1024K)]
  0x00000281e8a681d0 JavaThread "Connection worker"                 [_thread_blocked, id=20436, stack(0x000000cd64500000,0x000000cd64600000) (1024K)]
  0x00000281e8a55a80 JavaThread "pool-254-thread-1"                 [_thread_blocked, id=37112, stack(0x000000cd66700000,0x000000cd66800000) (1024K)]
  0x00000281e8a66e20 JavaThread "Timer-253"                         [_thread_blocked, id=37300, stack(0x000000cd63000000,0x000000cd63100000) (1024K)]
  0x00000281e8a68ef0 JavaThread "Worker-1798: Initialize workspace"        [_thread_blocked, id=31144, stack(0x000000cd66c00000,0x000000cd66d00000) (1024K)]
  0x00000281d85cff50 JavaThread "Timer-254"                         [_thread_blocked, id=31576, stack(0x000000cd66e00000,0x000000cd66f00000) (1024K)]
  0x00000281d85d0c70 JavaThread "Worker-1806: Initialize workspace"        [_thread_blocked, id=1824, stack(0x000000cd66f00000,0x000000cd67000000) (1024K)]
  0x00000281d85d61c0 JavaThread "Timer-255"                         [_thread_blocked, id=36724, stack(0x000000cd66500000,0x000000cd66600000) (1024K)]
  0x00000281e138c4e0 JavaThread "Worker-1812: Initialize workspace"        [_thread_blocked, id=23428, stack(0x000000cd67600000,0x000000cd67700000) (1024K)]
  0x00000281e1390680 JavaThread "Timer-256"                         [_thread_blocked, id=26420, stack(0x000000cd67500000,0x000000cd67600000) (1024K)]
  0x00000281d8602ad0 JavaThread "Worker-1819: Initialize workspace"        [_thread_blocked, id=40316, stack(0x000000cd66d00000,0x000000cd66e00000) (1024K)]
  0x00000281e8a5a940 JavaThread "Connection worker"                 [_thread_blocked, id=23564, stack(0x000000cd66a00000,0x000000cd66b00000) (1024K)]
  0x00000281e8a6a2a0 JavaThread "Connection worker"                 [_thread_blocked, id=33528, stack(0x000000cd67700000,0x000000cd67800000) (1024K)]
  0x00000281e8a64d50 JavaThread "pool-257-thread-1"                 [_thread_blocked, id=17780, stack(0x000000cd67300000,0x000000cd67400000) (1024K)]
  0x00000281e138df20 JavaThread "pool-258-thread-1"                 [_thread_blocked, id=26252, stack(0x000000cd67b00000,0x000000cd67c00000) (1024K)]
  0x00000281e1393470 JavaThread "Timer-257"                         [_thread_blocked, id=29988, stack(0x000000cd63f00000,0x000000cd64000000) (1024K)]
  0x00000281e0be06b0 JavaThread "Worker-1827: Initialize workspace"        [_thread_blocked, id=13004, stack(0x000000cd67900000,0x000000cd67a00000) (1024K)]
  0x00000281e746b3b0 JavaThread "Connection worker"                 [_thread_blocked, id=20376, stack(0x000000cd67e00000,0x000000cd67f00000) (1024K)]
  0x00000281d629b300 JavaThread "pool-259-thread-1"                 [_thread_blocked, id=30592, stack(0x000000cd37f00000,0x000000cd38000000) (1024K)]
  0x00000281d85d1300 JavaThread "Timer-258"                         [_thread_blocked, id=39912, stack(0x000000cd3bd00000,0x000000cd3be00000) (1024K)]
  0x00000281e749a660 JavaThread "Worker-1833: Initialize workspace"        [_thread_blocked, id=24560, stack(0x000000cd68000000,0x000000cd68100000) (1024K)]
  0x00000281e1387620 JavaThread "Timer-259"                         [_thread_blocked, id=39484, stack(0x000000cd68200000,0x000000cd68300000) (1024K)]
  0x00000281e1392750 JavaThread "Worker-1840: Initialize workspace"        [_thread_blocked, id=28600, stack(0x000000cd68100000,0x000000cd68200000) (1024K)]
  0x00000281d62a2290 JavaThread "Timer-260"                         [_thread_blocked, id=26044, stack(0x000000cd68700000,0x000000cd68800000) (1024K)]
  0x00000281e0a88520 JavaThread "Worker-1849: Initialize workspace"        [_thread_blocked, id=4212, stack(0x000000cd68800000,0x000000cd68900000) (1024K)]
  0x00000281e12323a0 JavaThread "Connection worker"                 [_thread_blocked, id=17116, stack(0x000000cd68c00000,0x000000cd68d00000) (1024K)]
  0x00000281d7b4b100 JavaThread "pool-262-thread-1"                 [_thread_blocked, id=20504, stack(0x000000cd68b00000,0x000000cd68c00000) (1024K)]
  0x00000281e74736f0 JavaThread "Timer-261"                         [_thread_blocked, id=38196, stack(0x000000cd68d00000,0x000000cd68e00000) (1024K)]
  0x00000281e08e8bf0 JavaThread "Worker-1857: Initialize workspace"        [_thread_blocked, id=38936, stack(0x000000cd68900000,0x000000cd68a00000) (1024K)]
  0x00000281eafb2090 JavaThread "Timer-262"                         [_thread_blocked, id=20652, stack(0x000000cd68e00000,0x000000cd68f00000) (1024K)]
  0x00000281eafb4160 JavaThread "Worker-1865: Initialize workspace"        [_thread_blocked, id=40548, stack(0x000000cd68a00000,0x000000cd68b00000) (1024K)]
  0x00000281eafb6f50 JavaThread "Timer-263"                         [_thread_blocked, id=39568, stack(0x000000cd69700000,0x000000cd69800000) (1024K)]
  0x00000281eafb75e0 JavaThread "Connection worker"                 [_thread_blocked, id=2152, stack(0x000000cd35100000,0x000000cd35200000) (1024K)]
  0x00000281eafb47f0 JavaThread "Worker-1878: Initialize workspace"        [_thread_blocked, id=31976, stack(0x000000cd46a00000,0x000000cd46b00000) (1024K)]
  0x00000281eafb2720 JavaThread "Connection worker"                 [_thread_blocked, id=36524, stack(0x000000cd64100000,0x000000cd64200000) (1024K)]
  0x00000281eafb68c0 JavaThread "pool-265-thread-1"                 [_thread_blocked, id=25732, stack(0x000000cd67100000,0x000000cd67200000) (1024K)]
  0x00000281eafb7c70 JavaThread "Timer-264"                         [_thread_blocked, id=16744, stack(0x000000cd60200000,0x000000cd60300000) (1024K)]
  0x00000281eafb2db0 JavaThread "Worker-1889: Initialize workspace"        [_thread_blocked, id=26720, stack(0x000000cd67400000,0x000000cd67500000) (1024K)]
  0x00000281eafb9020 JavaThread "Timer-265"                         [_thread_blocked, id=36532, stack(0x000000cd67800000,0x000000cd67900000) (1024K)]
  0x00000281eafb8300 JavaThread "Worker-1894: Initialize workspace"        [_thread_blocked, id=31116, stack(0x000000cd67a00000,0x000000cd67b00000) (1024K)]
  0x00000281eafbc4a0 JavaThread "Connection worker"                 [_thread_blocked, id=11868, stack(0x000000cd68f00000,0x000000cd69000000) (1024K)]
  0x00000281eafbcb30 JavaThread "pool-266-thread-1"                 [_thread_blocked, id=34380, stack(0x000000cd69200000,0x000000cd69300000) (1024K)]
  0x00000281eafb8990 JavaThread "Timer-266"                         [_thread_blocked, id=8704, stack(0x000000cd46700000,0x000000cd46800000) (1024K)]
  0x00000281eafb5510 JavaThread "Worker-1901: Initialize workspace"        [_thread_blocked, id=4196, stack(0x000000cd46e00000,0x000000cd46f00000) (1024K)]
  0x00000281eafbd1c0 JavaThread "Timer-267"                         [_thread_blocked, id=14948, stack(0x000000cd68500000,0x000000cd68600000) (1024K)]
  0x00000281eafbb780 JavaThread "Worker-1908: Initialize workspace"        [_thread_blocked, id=24736, stack(0x000000cd68600000,0x000000cd68700000) (1024K)]
  0x00000281eafc1360 JavaThread "Timer-268"                         [_thread_blocked, id=2444, stack(0x000000cd69a00000,0x000000cd69b00000) (1024K)]
  0x00000281eafbf920 JavaThread "Worker-1914: Initialize workspace"        [_thread_blocked, id=2052, stack(0x000000cd69d00000,0x000000cd69e00000) (1024K)]
  0x00000281eafbffb0 JavaThread "Connection worker"                 [_thread_blocked, id=20984, stack(0x000000cd69b00000,0x000000cd69c00000) (1024K)]
  0x00000281eafbf290 JavaThread "Connection worker"                 [_thread_blocked, id=22964, stack(0x000000cd69f00000,0x000000cd6a000000) (1024K)]
  0x00000281eafc0640 JavaThread "Connection worker"                 [_thread_blocked, id=39128, stack(0x000000cd6a400000,0x000000cd6a500000) (1024K)]
  0x00000281eafb96b0 JavaThread "pool-268-thread-1"                 [_thread_blocked, id=33920, stack(0x000000cd69800000,0x000000cd69900000) (1024K)]
  0x00000281eafc0cd0 JavaThread "pool-269-thread-1"                 [_thread_blocked, id=38100, stack(0x000000cd2d900000,0x000000cd2da00000) (1024K)]
  0x00000281eafc2710 JavaThread "pool-270-thread-1"                 [_thread_blocked, id=6756, stack(0x000000cd6a000000,0x000000cd6a100000) (1024K)]
  0x00000281eafc3ac0 JavaThread "Timer-269"                         [_thread_blocked, id=11860, stack(0x000000cd6a100000,0x000000cd6a200000) (1024K)]
  0x00000281eafc19f0 JavaThread "Worker-1924: Initialize workspace"        [_thread_blocked, id=37984, stack(0x000000cd69e00000,0x000000cd69f00000) (1024K)]
  0x00000281eafc2da0 JavaThread "Connection worker"                 [_thread_blocked, id=29904, stack(0x000000cd6a700000,0x000000cd6a800000) (1024K)]
  0x00000281eafbdee0 JavaThread "pool-271-thread-1"                 [_thread_blocked, id=1480, stack(0x000000cd36500000,0x000000cd36600000) (1024K)]
  0x00000281eafbec00 JavaThread "Timer-270"                         [_thread_blocked, id=32760, stack(0x000000cd65300000,0x000000cd65400000) (1024K)]
  0x00000281eafc5500 JavaThread "Worker-1933: Initialize workspace"        [_thread_blocked, id=25216, stack(0x000000cd6a600000,0x000000cd6a700000) (1024K)]
  0x00000281eafc5b90 JavaThread "Connection worker"                 [_thread_blocked, id=27764, stack(0x000000cd6a900000,0x000000cd6aa00000) (1024K)]
  0x00000281eafc6f40 JavaThread "pool-272-thread-1"                 [_thread_blocked, id=19160, stack(0x000000cd6ab00000,0x000000cd6ac00000) (1024K)]
  0x00000281eafbb0f0 JavaThread "Timer-271"                         [_thread_blocked, id=7200, stack(0x000000cd2e000000,0x000000cd2e100000) (1024K)]
  0x00000281eafc75d0 JavaThread "Worker-1940: Initialize workspace"        [_thread_blocked, id=8896, stack(0x000000cd6a800000,0x000000cd6a900000) (1024K)]
  0x00000281eafc4150 JavaThread "Connection worker"                 [_thread_blocked, id=15880, stack(0x000000cd6ae00000,0x000000cd6af00000) (1024K)]
  0x00000281eafc96a0 JavaThread "Connection worker"                 [_thread_blocked, id=23312, stack(0x000000cd37e00000,0x000000cd37f00000) (1024K)]
  0x00000281eafc9010 JavaThread "pool-273-thread-1"                 [_thread_blocked, id=34036, stack(0x000000cd6b000000,0x000000cd6b100000) (1024K)]
  0x00000281eafc68b0 JavaThread "Timer-272"                         [_thread_blocked, id=19840, stack(0x000000cd6aa00000,0x000000cd6ab00000) (1024K)]
  0x00000281eafcb770 JavaThread "Connection worker"                 [_thread_blocked, id=35556, stack(0x000000cd2e300000,0x000000cd2e400000) (1024K)]
  0x00000281eafc9d30 JavaThread "Worker-1950: Initialize workspace"        [_thread_blocked, id=39820, stack(0x000000cd6af00000,0x000000cd6b000000) (1024K)]
  0x00000281eafca3c0 JavaThread "Connection worker"                 [_thread_blocked, id=39320, stack(0x000000cd6b200000,0x000000cd6b300000) (1024K)]
  0x00000281eafc6220 JavaThread "pool-274-thread-1"                 [_thread_blocked, id=37256, stack(0x000000cd6b100000,0x000000cd6b200000) (1024K)]
  0x00000281eafcb0e0 JavaThread "Timer-273"                         [_thread_blocked, id=21692, stack(0x000000cd59b00000,0x000000cd59c00000) (1024K)]
  0x00000281eafc82f0 JavaThread "Connection worker"                 [_thread_blocked, id=18492, stack(0x000000cd5f700000,0x000000cd5f800000) (1024K)]
  0x00000281eafc4e70 JavaThread "Worker-1957: Initialize workspace"        [_thread_blocked, id=21364, stack(0x000000cd2f800000,0x000000cd2f900000) (1024K)]
  0x00000281eafcc490 JavaThread "Connection worker"                 [_thread_blocked, id=1448, stack(0x000000cd2eb00000,0x000000cd2ec00000) (1024K)]
  0x00000281eafcf910 JavaThread "pool-275-thread-1"                 [_thread_blocked, id=18908, stack(0x000000cd6b400000,0x000000cd6b500000) (1024K)]
  0x00000281eafcd1b0 JavaThread "Connection worker"                 [_thread_blocked, id=38404, stack(0x000000cd34e00000,0x000000cd34f00000) (1024K)]
  0x00000281eafccb20 JavaThread "Timer-274"                         [_thread_blocked, id=21636, stack(0x000000cd6b500000,0x000000cd6b600000) (1024K)]
  0x00000281eafd0630 JavaThread "Worker-1967: Initialize workspace"        [_thread_blocked, id=40340, stack(0x000000cd6b800000,0x000000cd6b900000) (1024K)]
  0x00000281eafd0cc0 JavaThread "Connection worker"                 [_thread_blocked, id=33084, stack(0x000000cd6b900000,0x000000cd6ba00000) (1024K)]
  0x00000281eafce560 JavaThread "pool-276-thread-1"                 [_thread_blocked, id=22452, stack(0x000000cd6b700000,0x000000cd6b800000) (1024K)]
  0x00000281eafcd840 JavaThread "Connection worker"                 [_thread_blocked, id=31208, stack(0x000000cd6ba00000,0x000000cd6bb00000) (1024K)]
  0x00000281eafcebf0 JavaThread "Connection worker"                 [_thread_blocked, id=33656, stack(0x000000cd2f200000,0x000000cd2f300000) (1024K)]
  0x00000281eafd3420 JavaThread "Timer-275"                         [_thread_blocked, id=36424, stack(0x000000cd44900000,0x000000cd44a00000) (1024K)]
  0x00000281eafb3ad0 JavaThread "Connection worker"                 [_thread_blocked, id=25468, stack(0x000000cd35900000,0x000000cd35a00000) (1024K)]
  0x00000281eafb4e80 JavaThread "Worker-1980: Initialize workspace"        [_thread_blocked, id=17656, stack(0x000000cd35a00000,0x000000cd35b00000) (1024K)]
  0x00000281eafbbe10 JavaThread "Connection worker"                 [_thread_blocked, id=22640, stack(0x000000cd39800000,0x000000cd39900000) (1024K)]
  0x00000281eafbe570 JavaThread "pool-277-thread-1"                 [_thread_blocked, id=7976, stack(0x000000cd3a500000,0x000000cd3a600000) (1024K)]
  0x00000281eafc2080 JavaThread "Timer-276"                         [_thread_blocked, id=29692, stack(0x000000cd3b600000,0x000000cd3b700000) (1024K)]
  0x00000281eafc7c60 JavaThread "Worker-1986: Initialize workspace"        [_thread_blocked, id=14996, stack(0x000000cd3c100000,0x000000cd3c200000) (1024K)]
  0x00000281eafc8980 JavaThread "Connection worker"                 [_thread_blocked, id=27208, stack(0x000000cd3be00000,0x000000cd3bf00000) (1024K)]
  0x00000281eafba3d0 JavaThread "pool-278-thread-1"                 [_thread_blocked, id=29040, stack(0x000000cd37000000,0x000000cd37100000) (1024K)]
  0x00000281eafd2070 JavaThread "Timer-277"                         [_thread_blocked, id=14368, stack(0x000000cd59a00000,0x000000cd59b00000) (1024K)]
  0x00000281eafd3ab0 JavaThread "Worker-2004: Initialize workspace"        [_thread_blocked, id=4324, stack(0x000000cd5e600000,0x000000cd5e700000) (1024K)]
  0x00000281eafd2700 JavaThread "Connection worker"                 [_thread_blocked, id=25552, stack(0x000000cd67c00000,0x000000cd67d00000) (1024K)]
  0x00000281eafd2d90 JavaThread "pool-279-thread-1"                 [_thread_blocked, id=26868, stack(0x000000cd69500000,0x000000cd69600000) (1024K)]
  0x00000281eafd47d0 JavaThread "Timer-278"                         [_thread_blocked, id=25512, stack(0x000000cd65200000,0x000000cd65300000) (1024K)]
  0x00000281eafcaa50 JavaThread "Worker-2018: Initialize workspace"        [_thread_blocked, id=8040, stack(0x000000cd6a500000,0x000000cd6a600000) (1024K)]
  0x00000281eafd82e0 JavaThread "Timer-279"                         [_thread_blocked, id=22820, stack(0x000000cd3ae00000,0x000000cd3af00000) (1024K)]
  0x00000281eafd19e0 JavaThread "Worker-2032: Initialize workspace"        [_thread_blocked, id=20864, stack(0x000000cd69c00000,0x000000cd69d00000) (1024K)]
  0x00000281eafda3b0 JavaThread "Connection worker"                 [_thread_blocked, id=26556, stack(0x000000cd6ac00000,0x000000cd6ad00000) (1024K)]
  0x00000281eafd6f30 JavaThread "pool-281-thread-1"                 [_thread_blocked, id=17852, stack(0x000000cd6b600000,0x000000cd6b700000) (1024K)]
  0x00000281eafd75c0 JavaThread "Timer-280"                         [_thread_blocked, id=24504, stack(0x000000cd44a00000,0x000000cd44b00000) (1024K)]
  0x00000281eafd9000 JavaThread "Worker-2042: Initialize workspace"        [_thread_blocked, id=32212, stack(0x000000cd6bb00000,0x000000cd6bc00000) (1024K)]
  0x00000281eafd54f0 JavaThread "Connection worker"                 [_thread_blocked, id=8468, stack(0x000000cd6bc00000,0x000000cd6bd00000) (1024K)]
  0x00000281eafd68a0 JavaThread "pool-282-thread-1"                 [_thread_blocked, id=16536, stack(0x000000cd6be00000,0x000000cd6bf00000) (1024K)]
  0x00000281eafd9d20 JavaThread "Connection worker"                 [_thread_blocked, id=21244, stack(0x000000cd48d00000,0x000000cd48e00000) (1024K)]
  0x00000281eafd7c50 JavaThread "Timer-281"                         [_thread_blocked, id=17108, stack(0x000000cd55a00000,0x000000cd55b00000) (1024K)]
  0x00000281eafdaa40 JavaThread "Worker-2056: Initialize workspace"        [_thread_blocked, id=27032, stack(0x000000cd63700000,0x000000cd63800000) (1024K)]
  0x00000281eafdb760 JavaThread "Connection worker"                 [_thread_blocked, id=25156, stack(0x000000cd59500000,0x000000cd59600000) (1024K)]
  0x00000281eafdb0d0 JavaThread "Connection worker"                 [_thread_blocked, id=19664, stack(0x000000cd6bd00000,0x000000cd6be00000) (1024K)]
  0x00000281eafdc480 JavaThread "pool-283-thread-1"                 [_thread_blocked, id=37576, stack(0x000000cd5aa00000,0x000000cd5ab00000) (1024K)]
  0x00000281eafdebe0 JavaThread "Timer-282"                         [_thread_blocked, id=34220, stack(0x000000cd6c100000,0x000000cd6c200000) (1024K)]
  0x00000281eafdcb10 JavaThread "Worker-2070: Initialize workspace"        [_thread_blocked, id=27216, stack(0x000000cd6bf00000,0x000000cd6c000000) (1024K)]
  0x00000281eafdd1a0 JavaThread "Connection worker"                 [_thread_blocked, id=24676, stack(0x000000cd6c200000,0x000000cd6c300000) (1024K)]
  0x00000281eafdff90 JavaThread "pool-284-thread-1"                 [_thread_blocked, id=26908, stack(0x000000cd6c300000,0x000000cd6c400000) (1024K)]
  0x00000281eafe0620 JavaThread "Timer-283"                         [_thread_blocked, id=39764, stack(0x000000cd6c400000,0x000000cd6c500000) (1024K)]
  0x00000281eafd9690 JavaThread "Worker-2082: Initialize workspace"        [_thread_blocked, id=10204, stack(0x000000cd6c000000,0x000000cd6c100000) (1024K)]
  0x00000281eafe26f0 JavaThread "Connection worker"                 [_thread_blocked, id=14464, stack(0x000000cd34c00000,0x000000cd34d00000) (1024K)]
  0x00000281eafe3410 JavaThread "Timer-284"                         [_thread_blocked, id=14536, stack(0x000000cd6c800000,0x000000cd6c900000) (1024K)]
  0x00000281eafdbdf0 JavaThread "Worker-2095: Initialize workspace"        [_thread_blocked, id=38812, stack(0x000000cd6c700000,0x000000cd6c800000) (1024K)]
  0x00000281eafe19d0 JavaThread "Timer-285"                         [_thread_blocked, id=13428, stack(0x000000cd6cd00000,0x000000cd6ce00000) (1024K)]
  0x00000281eafdf900 JavaThread "Worker-2109: Initialize workspace"        [_thread_blocked, id=25304, stack(0x000000cd3b900000,0x000000cd3ba00000) (1024K)]
  0x00000281eafe6200 JavaThread "Timer-286"                         [_thread_blocked, id=28108, stack(0x000000cd6d200000,0x000000cd6d300000) (1024K)]
  0x00000281eafe5b70 JavaThread "Worker-2121: Initialize workspace"        [_thread_blocked, id=18088, stack(0x000000cd6ce00000,0x000000cd6cf00000) (1024K)]
  0x00000281eafe0cb0 JavaThread "Connection worker"                 [_thread_blocked, id=37232, stack(0x000000cd5b900000,0x000000cd5ba00000) (1024K)]
  0x00000281eafe9d10 JavaThread "Timer-287"                         [_thread_blocked, id=17268, stack(0x000000cd6d600000,0x000000cd6d700000) (1024K)]
  0x00000281eafe9680 JavaThread "Worker-2132: Initialize workspace"        [_thread_blocked, id=28840, stack(0x000000cd6d700000,0x000000cd6d800000) (1024K)]
  0x00000281eafe7c40 JavaThread "Connection worker"                 [_thread_blocked, id=4352, stack(0x000000cd59f00000,0x000000cd5a000000) (1024K)]
  0x00000281eafebde0 JavaThread "Timer-288"                         [_thread_blocked, id=10484, stack(0x000000cd6d900000,0x000000cd6da00000) (1024K)]
  0x00000281eafe8ff0 JavaThread "Worker-2141: Initialize workspace"        [_thread_blocked, id=7796, stack(0x000000cd6da00000,0x000000cd6db00000) (1024K)]
  0x00000281eafe6f20 JavaThread "Connection worker"                 [_thread_blocked, id=22892, stack(0x000000cd6c900000,0x000000cd6ca00000) (1024K)]
  0x00000281eafea3a0 JavaThread "pool-290-thread-1"                 [_thread_blocked, id=27200, stack(0x000000cd38000000,0x000000cd38100000) (1024K)]
  0x00000281eafeb0c0 JavaThread "Timer-289"                         [_thread_blocked, id=17696, stack(0x000000cd6d300000,0x000000cd6d400000) (1024K)]
  0x00000281eafe82d0 JavaThread "Worker-2153: Initialize workspace"        [_thread_blocked, id=5452, stack(0x000000cd6d000000,0x000000cd6d100000) (1024K)]
  0x00000281eafef8f0 JavaThread "Timer-290"                         [_thread_blocked, id=35480, stack(0x000000cd6e200000,0x000000cd6e300000) (1024K)]
  0x00000281eafedeb0 JavaThread "Worker-2166: Initialize workspace"        [_thread_blocked, id=10928, stack(0x000000cd6ea00000,0x000000cd6eb00000) (1024K)]
  0x00000281e747cde0 JavaThread "Timer-291"                         [_thread_blocked, id=35776, stack(0x000000cd6e300000,0x000000cd6e400000) (1024K)]
  0x00000281e748a670 JavaThread "Worker-2178: Initialize workspace"        [_thread_blocked, id=30848, stack(0x000000cd6f100000,0x000000cd6f200000) (1024K)]
  0x00000281e1389d80 JavaThread "Timer-292"                         [_thread_blocked, id=35564, stack(0x000000cd6de00000,0x000000cd6df00000) (1024K)]
  0x00000281e138e5b0 JavaThread "Worker-2191: Initialize workspace"        [_thread_blocked, id=38256, stack(0x000000cd6fb00000,0x000000cd6fc00000) (1024K)]
  0x00000281e138be50 JavaThread "Connection worker"                 [_thread_blocked, id=8688, stack(0x000000cd6f300000,0x000000cd6f400000) (1024K)]
  0x00000281e8a56110 JavaThread "pool-294-thread-1"                 [_thread_blocked, id=11880, stack(0x000000cd70000000,0x000000cd70100000) (1024K)]
  0x00000281e8a74d40 JavaThread "Timer-293"                         [_thread_blocked, id=26880, stack(0x000000cd6fa00000,0x000000cd6fb00000) (1024K)]
  0x00000281e8a6e440 JavaThread "Connection worker"                 [_thread_blocked, id=17504, stack(0x000000cd65a00000,0x000000cd65b00000) (1024K)]
  0x00000281e8a44d70 JavaThread "Worker-2202: Initialize workspace"        [_thread_blocked, id=30892, stack(0x000000cd70200000,0x000000cd70300000) (1024K)]
  0x00000281e8a4c390 JavaThread "Connection worker"                 [_thread_blocked, id=37080, stack(0x000000cd3e900000,0x000000cd3ea00000) (1024K)]
  0x00000281e8a58870 JavaThread "Connection worker"                 [_thread_blocked, id=37336, stack(0x000000cd40e00000,0x000000cd40f00000) (1024K)]
  0x00000281d85d40f0 JavaThread "pool-295-thread-1"                 [_thread_blocked, id=35820, stack(0x000000cd6fc00000,0x000000cd6fd00000) (1024K)]
  0x00000281d85da360 JavaThread "Timer-294"                         [_thread_blocked, id=36460, stack(0x000000cd70800000,0x000000cd70900000) (1024K)]
  0x00000281d85da9f0 JavaThread "Worker-2212: Initialize workspace"        [_thread_blocked, id=22908, stack(0x000000cd47400000,0x000000cd47500000) (1024K)]
  0x00000281eafeaa30 JavaThread "Connection worker"                 [_thread_blocked, id=31500, stack(0x000000cd2ee00000,0x000000cd2ef00000) (1024K)]
  0x00000281eafec470 JavaThread "pool-296-thread-1"                 [_thread_blocked, id=36796, stack(0x000000cd3cd00000,0x000000cd3ce00000) (1024K)]
  0x00000281eafc47e0 JavaThread "Timer-295"                         [_thread_blocked, id=29452, stack(0x000000cd6d400000,0x000000cd6d500000) (1024K)]
  0x00000281e0be4850 JavaThread "Worker-2224: Initialize workspace"        [_thread_blocked, id=30432, stack(0x000000cd42d00000,0x000000cd42e00000) (1024K)]
  0x00000281e747fbd0 JavaThread "Timer-296"                         [_thread_blocked, id=15336, stack(0x000000cd70a00000,0x000000cd70b00000) (1024K)]
  0x00000281e7477f20 JavaThread "Worker-2236: Initialize workspace"        [_thread_blocked, id=39640, stack(0x000000cd70b00000,0x000000cd70c00000) (1024K)]
  0x00000281d85d2020 JavaThread "Timer-297"                         [_thread_blocked, id=20888, stack(0x000000cd71300000,0x000000cd71400000) (1024K)]
  0x00000281e0bdf300 JavaThread "Worker-2247: Initialize workspace"        [_thread_blocked, id=11448, stack(0x000000cd71500000,0x000000cd71600000) (1024K)]
  0x00000281d8604ba0 JavaThread "Timer-298"                         [_thread_blocked, id=2140, stack(0x000000cd72700000,0x000000cd72800000) (1024K)]
  0x00000281e0a83cf0 JavaThread "Worker-2260: Initialize workspace"        [_thread_blocked, id=39816, stack(0x000000cd72f00000,0x000000cd73000000) (1024K)]
  0x00000281eae030c0 JavaThread "Timer-299"                         [_thread_blocked, id=19508, stack(0x000000cd73500000,0x000000cd73600000) (1024K)]
  0x00000281eae04b00 JavaThread "Worker-2271: Initialize workspace"        [_thread_blocked, id=29576, stack(0x000000cd71200000,0x000000cd71300000) (1024K)]
  0x00000281eae01680 JavaThread "Timer-300"                         [_thread_blocked, id=39836, stack(0x000000cd72800000,0x000000cd72900000) (1024K)]
  0x00000281eae0a050 JavaThread "Worker-2282: Initialize workspace"        [_thread_blocked, id=21140, stack(0x000000cd73900000,0x000000cd73a00000) (1024K)]
  0x00000281eae13740 JavaThread "Timer-301"                         [_thread_blocked, id=28300, stack(0x000000cd75900000,0x000000cd75a00000) (1024K)]
  0x00000281eae13dd0 JavaThread "Worker-2295: Initialize workspace"        [_thread_blocked, id=22912, stack(0x000000cd76300000,0x000000cd76400000) (1024K)]
  0x00000281eae1d4c0 JavaThread "Timer-302"                         [_thread_blocked, id=12472, stack(0x000000cd77100000,0x000000cd77200000) (1024K)]
  0x00000281eae22a10 JavaThread "Worker-2311: Initialize workspace"        [_thread_blocked, id=33800, stack(0x000000cd77d00000,0x000000cd77e00000) (1024K)]
  0x00000281eae21660 JavaThread "Connection worker"                 [_thread_blocked, id=14440, stack(0x000000cd78000000,0x000000cd78100000) (1024K)]
  0x00000281eae18c90 JavaThread "pool-304-thread-1"                 [_thread_blocked, id=21256, stack(0x000000cd6df00000,0x000000cd6e000000) (1024K)]
  0x00000281eae22380 JavaThread "Timer-303"                         [_thread_blocked, id=3732, stack(0x000000cd6e700000,0x000000cd6e800000) (1024K)]
  0x00000281eae21cf0 JavaThread "Worker-2320: Initialize workspace"        [_thread_blocked, id=38760, stack(0x000000cd6ed00000,0x000000cd6ee00000) (1024K)]
  0x00000281eae2f580 JavaThread "Timer-304"                         [_thread_blocked, id=38544, stack(0x000000cd70400000,0x000000cd70500000) (1024K)]
  0x00000281eae31ce0 JavaThread "Worker-2330: Initialize workspace"        [_thread_blocked, id=8380, stack(0x000000cd6f500000,0x000000cd6f600000) (1024K)]
  0x00000281eae34440 JavaThread "Timer-305"                         [_thread_blocked, id=28328, stack(0x000000cd79800000,0x000000cd79900000) (1024K)]
  0x00000281eae27f60 JavaThread "Worker-2343: Initialize workspace"        [_thread_blocked, id=25120, stack(0x000000cd6dc00000,0x000000cd6dd00000) (1024K)]
  0x00000281eae3c0f0 JavaThread "Connection worker"                 [_thread_blocked, id=29080, stack(0x000000cd7a700000,0x000000cd7a800000) (1024K)]
  0x00000281eae35e80 JavaThread "Worker-2350: Initialize workspace"        [_thread_blocked, id=33052, stack(0x000000cd7a600000,0x000000cd7a700000) (1024K)]
  0x00000281eae3ce10 JavaThread "pool-307-thread-1"                 [_thread_blocked, id=5176, stack(0x000000cd7aa00000,0x000000cd7ab00000) (1024K)]
  0x00000281eae39990 JavaThread "Timer-306"                         [_thread_blocked, id=10520, stack(0x000000cd79e00000,0x000000cd79f00000) (1024K)]
  0x00000281eae40920 JavaThread "Worker-2362: Initialize workspace"        [_thread_blocked, id=18280, stack(0x000000cd72d00000,0x000000cd72e00000) (1024K)]
  0x00000281eae09330 JavaThread "Timer-307"                         [_thread_blocked, id=25076, stack(0x000000cd73200000,0x000000cd73300000) (1024K)]
  0x00000281eae07260 JavaThread "Worker-2367: Initialize workspace"        [_thread_blocked, id=23248, stack(0x000000cd73400000,0x000000cd73500000) (1024K)]
  0x00000281eae1fc20 JavaThread "Timer-308"                         [_thread_blocked, id=35576, stack(0x000000cd74f00000,0x000000cd75000000) (1024K)]
  0x00000281eae23730 JavaThread "Connection worker"                 [_thread_blocked, id=21116, stack(0x000000cd33400000,0x000000cd33500000) (1024K)]
  0x00000281eae1ce30 JavaThread "pool-310-thread-1"                 [_thread_blocked, id=40040, stack(0x000000cd70100000,0x000000cd70200000) (1024K)]
  0x00000281eae299a0 JavaThread "Timer-309"                         [_thread_blocked, id=22168, stack(0x000000cd33100000,0x000000cd33200000) (1024K)]
  0x00000281eae27240 JavaThread "Worker-2389: Initialize workspace"        [_thread_blocked, id=34232, stack(0x000000cd75f00000,0x000000cd76000000) (1024K)]
  0x00000281eae30fc0 JavaThread "Connection worker"                 [_thread_blocked, id=30908, stack(0x000000cd78300000,0x000000cd78400000) (1024K)]
  0x00000281eae33090 JavaThread "pool-311-thread-1"                 [_thread_blocked, id=13920, stack(0x000000cd71800000,0x000000cd71900000) (1024K)]
  0x00000281eae3db30 JavaThread "Timer-310"                         [_thread_blocked, id=19636, stack(0x000000cd72600000,0x000000cd72700000) (1024K)]
  0x00000281eae08ca0 JavaThread "Connection worker"                 [_thread_blocked, id=33060, stack(0x000000cd47d00000,0x000000cd47e00000) (1024K)]
  0x00000281eae3e1c0 JavaThread "Connection worker"                 [_thread_blocked, id=19444, stack(0x000000cd47f00000,0x000000cd48000000) (1024K)]
  0x00000281eae1e1e0 JavaThread "Connection worker"                 [_thread_blocked, id=5292, stack(0x000000cd48300000,0x000000cd48400000) (1024K)]
  0x00000281eae25e90 JavaThread "Connection worker"                 [_thread_blocked, id=12636, stack(0x000000cd38500000,0x000000cd38600000) (1024K)]
  0x00000281eae0ce40 JavaThread "Connection worker"                 [_thread_blocked, id=6304, stack(0x000000cd31000000,0x000000cd31100000) (1024K)]
  0x00000281eae0db60 JavaThread "Connection worker"                 [_thread_blocked, id=17964, stack(0x000000cd43900000,0x000000cd43a00000) (1024K)]
  0x00000281eae2a030 JavaThread "Worker-2402: Initialize workspace"        [_thread_blocked, id=29244, stack(0x000000cd31200000,0x000000cd31300000) (1024K)]
  0x00000281eae2ba70 JavaThread "Connection worker"                 [_thread_blocked, id=20164, stack(0x000000cd4d100000,0x000000cd4d200000) (1024K)]
  0x00000281eae36510 JavaThread "Connection worker"                 [_thread_blocked, id=36292, stack(0x000000cd35c00000,0x000000cd35d00000) (1024K)]
  0x00000281eae3a020 JavaThread "Connection worker"                 [_thread_blocked, id=39224, stack(0x000000cd43800000,0x000000cd43900000) (1024K)]
  0x00000281eae3eee0 JavaThread "Connection worker"                 [_thread_blocked, id=31456, stack(0x000000cd2dc00000,0x000000cd2dd00000) (1024K)]
  0x00000281eae31650 JavaThread "Timer-311"                         [_thread_blocked, id=35768, stack(0x000000cd5ee00000,0x000000cd5ef00000) (1024K)]
  0x00000281eae0fc30 JavaThread "pool-312-thread-1"                 [_thread_blocked, id=14984, stack(0x000000cd73a00000,0x000000cd73b00000) (1024K)]
  0x00000281eae202b0 JavaThread "Connection worker"                 [_thread_blocked, id=38372, stack(0x000000cd51d00000,0x000000cd51e00000) (1024K)]
  0x00000281eae05eb0 JavaThread "Connection worker"                 [_thread_blocked, id=38824, stack(0x000000cd2e500000,0x000000cd2e600000) (1024K)]
  0x00000281eae0e880 JavaThread "Connection worker"                 [_thread_blocked, id=40180, stack(0x000000cd2ec00000,0x000000cd2ed00000) (1024K)]
  0x00000281eae102c0 JavaThread "Connection worker"                 [_thread_blocked, id=10976, stack(0x000000cd34200000,0x000000cd34300000) (1024K)]
  0x00000281eae14460 JavaThread "Connection worker"                 [_thread_blocked, id=8876, stack(0x000000cd37300000,0x000000cd37400000) (1024K)]
  0x00000281eae15ea0 JavaThread "Connection worker"                 [_thread_blocked, id=34332, stack(0x000000cd38600000,0x000000cd38700000) (1024K)]
  0x00000281eae14af0 JavaThread "Connection worker"                 [_thread_blocked, id=10948, stack(0x000000cd41b00000,0x000000cd41c00000) (1024K)]
  0x00000281eae16bc0 JavaThread "Connection worker"                 [_thread_blocked, id=15520, stack(0x000000cd42300000,0x000000cd42400000) (1024K)]
  0x00000281eae385e0 JavaThread "Connection worker"                 [_thread_blocked, id=29936, stack(0x000000cd29f00000,0x000000cd2a000000) (1024K)]
  0x00000281eae3fc00 JavaThread "Connection worker"                 [_thread_blocked, id=26236, stack(0x000000cd2bc00000,0x000000cd2bd00000) (1024K)]
  0x00000281eae36ba0 JavaThread "Connection worker"                 [_thread_blocked, id=17376, stack(0x000000cd30400000,0x000000cd30500000) (1024K)]
  0x00000281eae06540 JavaThread "Connection worker"                 [_thread_blocked, id=40744, stack(0x000000cd3f000000,0x000000cd3f100000) (1024K)]
  0x00000281eae0ad70 JavaThread "Connection worker"                 [_thread_blocked, id=24388, stack(0x000000cd45500000,0x000000cd45600000) (1024K)]
  0x00000281eae1ad60 JavaThread "Connection worker"                 [_thread_blocked, id=25712, stack(0x000000cd45800000,0x000000cd45900000) (1024K)]
  0x00000281eae03de0 JavaThread "Connection worker"                 [_thread_blocked, id=4404, stack(0x000000cd2d100000,0x000000cd2d200000) (1024K)]
  0x00000281eae04470 JavaThread "Connection worker"                 [_thread_blocked, id=10536, stack(0x000000cd45e00000,0x000000cd45f00000) (1024K)]
  0x00000281eae2eef0 JavaThread "Exec process"                      [_thread_in_native, id=39412, stack(0x000000cd3c000000,0x000000cd3c100000) (1024K)]
  0x00000281eae32a00 JavaThread "Connection worker"                 [_thread_blocked, id=12860, stack(0x000000cd3c500000,0x000000cd3c600000) (1024K)]
  0x00000281eafe4e50 JavaThread "Connection worker"                 [_thread_blocked, id=27652, stack(0x000000cd65b00000,0x000000cd65c00000) (1024K)]
  0x00000281e0bea430 JavaThread "Exec process"                      [_thread_in_native, id=14120, stack(0x000000cd70c00000,0x000000cd70d00000) (1024K)]
  0x00000281e0bdc510 JavaThread "Exec process"                      [_thread_in_native, id=33980, stack(0x000000cd6f400000,0x000000cd6f500000) (1024K)]
  0x00000281e746a690 JavaThread "Connection worker"                 [_thread_blocked, id=29468, stack(0x000000cd71000000,0x000000cd71100000) (1024K)]
  0x00000281e748e810 JavaThread "Worker-2420: Initialize workspace"        [_thread_blocked, id=40836, stack(0x000000cd73800000,0x000000cd73900000) (1024K)]
  0x00000281e8a653e0 JavaThread "Connection worker"                 [_thread_blocked, id=26000, stack(0x000000cd73d00000,0x000000cd73e00000) (1024K)]
  0x00000281e8a3f820 JavaThread "Connection worker"                 [_thread_blocked, id=28716, stack(0x000000cd54500000,0x000000cd54600000) (1024K)]
  0x00000281e138b130 JavaThread "Connection worker"                 [_thread_blocked, id=10816, stack(0x000000cd32400000,0x000000cd32500000) (1024K)]
  0x00000281e138ec40 JavaThread "Connection worker"                 [_thread_blocked, id=17988, stack(0x000000cd34400000,0x000000cd34500000) (1024K)]
  0x00000281e13913a0 JavaThread "pool-313-thread-1"                 [_thread_blocked, id=15284, stack(0x000000cd54c00000,0x000000cd54d00000) (1024K)]
  0x00000281eae378c0 JavaThread "Connection worker"                 [_thread_blocked, id=5084, stack(0x000000cd6f700000,0x000000cd6f800000) (1024K)]
  0x00000281eae3ba60 JavaThread "Connection worker"                 [_thread_blocked, id=3668, stack(0x000000cd6e800000,0x000000cd6e900000) (1024K)]
  0x00000281e7498c20 JavaThread "Connection worker"                 [_thread_blocked, id=8112, stack(0x000000cd31500000,0x000000cd31600000) (1024K)]
  0x00000281d8602440 JavaThread "Connection worker"                 [_thread_blocked, id=40640, stack(0x000000cd37c00000,0x000000cd37d00000) (1024K)]
  0x00000281d8608d40 JavaThread "Connection worker"                 [_thread_blocked, id=38016, stack(0x000000cd2df00000,0x000000cd2e000000) (1024K)]
  0x00000281d8605f50 JavaThread "Connection worker"                 [_thread_blocked, id=832, stack(0x000000cd3d400000,0x000000cd3d500000) (1024K)]
  0x00000281d8607990 JavaThread "Connection worker"                 [_thread_blocked, id=34812, stack(0x000000cd3da00000,0x000000cd3db00000) (1024K)]
  0x00000281d8606c70 JavaThread "Connection worker"                 [_thread_blocked, id=11960, stack(0x000000cd4f100000,0x000000cd4f200000) (1024K)]
  0x00000281d860c850 JavaThread "Connection worker"                 [_thread_blocked, id=38140, stack(0x000000cd4f400000,0x000000cd4f500000) (1024K)]
  0x00000281d860a780 JavaThread "Connection worker"                 [_thread_blocked, id=11052, stack(0x000000cd4f600000,0x000000cd4f700000) (1024K)]
  0x00000281d860efb0 JavaThread "Connection worker"                 [_thread_blocked, id=30196, stack(0x000000cd53100000,0x000000cd53200000) (1024K)]
  0x00000281eae39300 JavaThread "Connection worker"                 [_thread_blocked, id=28272, stack(0x000000cd53200000,0x000000cd53300000) (1024K)]
  0x00000281eae01d10 JavaThread "pool-314-thread-1"                 [_thread_blocked, id=18480, stack(0x000000cd53b00000,0x000000cd53c00000) (1024K)]
  0x00000281e8a64030 JavaThread "Connection worker"                 [_thread_blocked, id=5000, stack(0x000000cd61c00000,0x000000cd61d00000) (1024K)]
  0x00000281e8a6fe80 JavaThread "Exec process"                      [_thread_in_native, id=37952, stack(0x000000cd32a00000,0x000000cd32b00000) (1024K)]
  0x00000281e8a6f160 JavaThread "Exec process"                      [_thread_in_native, id=31540, stack(0x000000cd2d700000,0x000000cd2d800000) (1024K)]
  0x00000281eafb5ba0 JavaThread "Connection worker"                 [_thread_blocked, id=32608, stack(0x000000cd2db00000,0x000000cd2dc00000) (1024K)]
  0x00000281eafb6230 JavaThread "Connection worker"                 [_thread_blocked, id=10912, stack(0x000000cd30300000,0x000000cd30400000) (1024K)]
  0x00000281eafbaa60 JavaThread "Connection worker"                 [_thread_blocked, id=11056, stack(0x000000cd36300000,0x000000cd36400000) (1024K)]
  0x00000281eafbd850 JavaThread "Connection worker"                 [_thread_blocked, id=11380, stack(0x000000cd36b00000,0x000000cd36c00000) (1024K)]
  0x00000281eae1ba80 JavaThread "Connection worker"                 [_thread_blocked, id=21388, stack(0x000000cd3a300000,0x000000cd3a400000) (1024K)]
  0x00000281eae278d0 JavaThread "Connection worker"                 [_thread_blocked, id=10932, stack(0x000000cd41700000,0x000000cd41800000) (1024K)]
  0x00000281eae24ae0 JavaThread "Connection worker"                 [_thread_blocked, id=17292, stack(0x000000cd41c00000,0x000000cd41d00000) (1024K)]
  0x00000281eae29310 JavaThread "Connection worker"                 [_thread_blocked, id=40668, stack(0x000000cd3b700000,0x000000cd3b800000) (1024K)]
  0x00000281eae3e850 JavaThread "Connection worker"                 [_thread_blocked, id=26896, stack(0x000000cd42500000,0x000000cd42600000) (1024K)]
  0x00000281e749d450 JavaThread "Connection worker"                 [_thread_blocked, id=31044, stack(0x000000cd3b200000,0x000000cd3b300000) (1024K)]
  0x00000281e74992b0 JavaThread "Connection worker"                 [_thread_blocked, id=35868, stack(0x000000cd3ff00000,0x000000cd40000000) (1024K)]
  0x00000281e749cdc0 JavaThread "Connection worker"                 [_thread_blocked, id=38712, stack(0x000000cd40000000,0x000000cd40100000) (1024K)]
  0x00000281e74664f0 JavaThread "Connection worker"                 [_thread_blocked, id=31592, stack(0x000000cd41200000,0x000000cd41300000) (1024K)]
  0x00000281d896c110 JavaThread "Connection worker"                 [_thread_blocked, id=6972, stack(0x000000cd43c00000,0x000000cd43d00000) (1024K)]
  0x00000281d896d4c0 JavaThread "Exec process"                      [_thread_in_native, id=16504, stack(0x000000cd51600000,0x000000cd51700000) (1024K)]
  0x00000281d896fc20 JavaThread "Connection worker"                 [_thread_blocked, id=33608, stack(0x000000cd2c000000,0x000000cd2c100000) (1024K)]
  0x00000281d8970940 JavaThread "Connection worker"                 [_thread_blocked, id=26240, stack(0x000000cd2f500000,0x000000cd2f600000) (1024K)]
  0x00000281e8a518e0 JavaThread "Connection worker"                 [_thread_blocked, id=35252, stack(0x000000cd4ec00000,0x000000cd4ed00000) (1024K)]
  0x00000281e8a418f0 JavaThread "Connection worker"                 [_thread_blocked, id=8528, stack(0x000000cd40400000,0x000000cd40500000) (1024K)]
  0x00000281eae3c780 JavaThread "Connection worker"                 [_thread_blocked, id=9660, stack(0x000000cd33900000,0x000000cd33a00000) (1024K)]
  0x00000281eae06bd0 JavaThread "Connection worker"                 [_thread_blocked, id=5792, stack(0x000000cd2d800000,0x000000cd2d900000) (1024K)]
  0x00000281eae3a6b0 JavaThread "Connection worker"                 [_thread_blocked, id=18340, stack(0x000000cd30a00000,0x000000cd30b00000) (1024K)]
  0x00000281eae357f0 JavaThread "Connection worker"                 [_thread_blocked, id=39868, stack(0x000000cd2cc00000,0x000000cd2cd00000) (1024K)]
  0x00000281eae0c7b0 JavaThread "Connection worker"                 [_thread_blocked, id=40916, stack(0x000000cd32000000,0x000000cd32100000) (1024K)]
  0x00000281eae26bb0 JavaThread "Connection worker"                 [_thread_blocked, id=17736, stack(0x000000cd31c00000,0x000000cd31d00000) (1024K)]
  0x00000281eae2c100 JavaThread "Connection worker"                 [_thread_blocked, id=9628, stack(0x000000cd2fb00000,0x000000cd2fc00000) (1024K)]
  0x00000281eae2ce20 JavaThread "Connection worker"                 [_thread_blocked, id=30996, stack(0x000000cd33a00000,0x000000cd33b00000) (1024K)]
  0x00000281eae2d4b0 JavaThread "Connection worker"                 [_thread_blocked, id=40600, stack(0x000000cd31300000,0x000000cd31400000) (1024K)]
  0x00000281eae2b3e0 JavaThread "Connection worker"                 [_thread_blocked, id=37956, stack(0x000000cd32900000,0x000000cd32a00000) (1024K)]
  0x00000281eae1f590 JavaThread "Connection worker"                 [_thread_blocked, id=32440, stack(0x000000cd32100000,0x000000cd32200000) (1024K)]
  0x00000281eae1ef00 JavaThread "Connection worker"                 [_thread_blocked, id=38128, stack(0x000000cd33c00000,0x000000cd33d00000) (1024K)]
  0x00000281eae25170 JavaThread "Connection worker"                 [_thread_blocked, id=18736, stack(0x000000cd30100000,0x000000cd30200000) (1024K)]
  0x00000281eae30930 JavaThread "Connection worker"                 [_thread_blocked, id=35172, stack(0x000000cd39700000,0x000000cd39800000) (1024K)]
  0x00000281e8a646c0 JavaThread "Exec process"                      [_thread_in_native, id=39088, stack(0x000000cd33800000,0x000000cd33900000) (1024K)]
  0x00000281e8a69c10 JavaThread "Connection worker"                 [_thread_blocked, id=31912, stack(0x000000cd45600000,0x000000cd45700000) (1024K)]
  0x00000281e8a6bce0 JavaThread "Exec process"                      [_thread_in_native, id=30048, stack(0x000000cd47000000,0x000000cd47100000) (1024K)]
  0x00000281e8a39c40 JavaThread "Connection worker"                 [_thread_blocked, id=1408, stack(0x000000cd30c00000,0x000000cd30d00000) (1024K)]
  0x00000281e8a5e450 JavaThread "Connection worker"                 [_thread_blocked, id=1724, stack(0x000000cd45b00000,0x000000cd45c00000) (1024K)]
  0x00000281e8a6afc0 JavaThread "Connection worker"                 [_thread_blocked, id=7472, stack(0x000000cd48800000,0x000000cd48900000) (1024K)]
  0x00000281e8a567a0 JavaThread "Connection worker"                 [_thread_blocked, id=9208, stack(0x000000cd39200000,0x000000cd39300000) (1024K)]
  0x00000281e8a574c0 JavaThread "Connection worker"                 [_thread_blocked, id=24512, stack(0x000000cd2ba00000,0x000000cd2bb00000) (1024K)]
  0x00000281e8a374e0 JavaThread "Connection worker"                 [_thread_blocked, id=40688, stack(0x000000cd48f00000,0x000000cd49000000) (1024K)]
  0x00000281e8a674b0 JavaThread "Connection worker"                 [_thread_blocked, id=20664, stack(0x000000cd42800000,0x000000cd42900000) (1024K)]
  0x00000281e8a41f80 JavaThread "Connection worker"                 [_thread_blocked, id=30184, stack(0x000000cd49800000,0x000000cd49900000) (1024K)]
  0x00000281e8a3feb0 JavaThread "Connection worker"                 [_thread_blocked, id=22316, stack(0x000000cd49a00000,0x000000cd49b00000) (1024K)]
  0x00000281e8a3f190 JavaThread "Connection worker"                 [_thread_blocked, id=36428, stack(0x000000cd40300000,0x000000cd40400000) (1024K)]
  0x00000281e8a4ca20 JavaThread "Exec process"                      [_thread_in_native, id=19328, stack(0x000000cd4b200000,0x000000cd4b300000) (1024K)]
  0x00000281e8a4f180 JavaThread "Connection worker"                 [_thread_blocked, id=24952, stack(0x000000cd36000000,0x000000cd36100000) (1024K)]
  0x00000281e0bd2790 JavaThread "Exec process"                      [_thread_in_native, id=9744, stack(0x000000cd36e00000,0x000000cd36f00000) (1024K)]
  0x00000281e0bda440 JavaThread "Exec process"                      [_thread_in_native, id=4636, stack(0x000000cd37a00000,0x000000cd37b00000) (1024K)]
  0x00000281e0be0020 JavaThread "Connection worker"                 [_thread_blocked, id=16456, stack(0x000000cd33f00000,0x000000cd34000000) (1024K)]
  0x00000281e0bed220 JavaThread "Exec process"                      [_thread_in_native, id=31956, stack(0x000000cd4c100000,0x000000cd4c200000) (1024K)]
  0x00000281eae1e870 JavaThread "Connection worker"                 [_thread_blocked, id=12848, stack(0x000000cd46300000,0x000000cd46400000) (1024K)]
  0x00000281eae1c110 JavaThread "Connection worker"                 [_thread_blocked, id=37024, stack(0x000000cd4a500000,0x000000cd4a600000) (1024K)]
  0x00000281eae1db50 JavaThread "Exec process"                      [_thread_in_native, id=28084, stack(0x000000cd3d000000,0x000000cd3d100000) (1024K)]
  0x00000281eae230a0 JavaThread "Connection worker"                 [_thread_blocked, id=10968, stack(0x000000cd3a000000,0x000000cd3a100000) (1024K)]
  0x00000281eae00ff0 JavaThread "Connection worker"                 [_thread_blocked, id=29160, stack(0x000000cd45100000,0x000000cd45200000) (1024K)]
  0x00000281eae20940 JavaThread "Connection worker"                 [_thread_blocked, id=40624, stack(0x000000cd35e00000,0x000000cd35f00000) (1024K)]
  0x00000281eae26520 JavaThread "Connection worker"                 [_thread_blocked, id=29096, stack(0x000000cd40100000,0x000000cd40200000) (1024K)]
  0x00000281eae05190 JavaThread "Exec process"                      [_thread_in_native, id=12780, stack(0x000000cd2b900000,0x000000cd2ba00000) (1024K)]
  0x00000281eae03750 JavaThread "Exec process"                      [_thread_in_native, id=13372, stack(0x000000cd2ed00000,0x000000cd2ee00000) (1024K)]
  0x00000281eae078f0 JavaThread "Exec process Thread 2"             [_thread_blocked, id=25060, stack(0x000000cd33600000,0x000000cd33700000) (1024K)]
  0x00000281eae07f80 JavaThread "Exec process"                      [_thread_in_native, id=15884, stack(0x000000cd36900000,0x000000cd36a00000) (1024K)]
  0x00000281eae023a0 JavaThread "Exec process Thread 2"             [_thread_blocked, id=21084, stack(0x000000cd3a800000,0x000000cd3a900000) (1024K)]
  0x00000281eae05820 JavaThread "Exec process Thread 2"             [_thread_blocked, id=15708, stack(0x000000cd3a600000,0x000000cd3a700000) (1024K)]
  0x00000281eae08610 JavaThread "Connection worker"                 [_thread_blocked, id=40620, stack(0x000000cd2f100000,0x000000cd2f200000) (1024K)]
  0x00000281eae24450 JavaThread "Connection worker"                 [_thread_blocked, id=14624, stack(0x000000cd2f300000,0x000000cd2f400000) (1024K)]
  0x00000281eae37230 JavaThread "Connection worker"                 [_thread_blocked, id=13684, stack(0x000000cd2e800000,0x000000cd2e900000) (1024K)]
  0x00000281eae1c7a0 JavaThread "Exec process"                      [_thread_in_native, id=35956, stack(0x000000cd30600000,0x000000cd30700000) (1024K)]
  0x00000281eae20fd0 JavaThread "Exec process Thread 2"             [_thread_blocked, id=1184, stack(0x000000cd32d00000,0x000000cd32e00000) (1024K)]
Total: 991

Other Threads:
  0x00000281feb4e020 VMThread "VM Thread"                           [id=22804, stack(0x000000cd2a300000,0x000000cd2a400000) (1024K)]
  0x00000281feaeca00 WatcherThread "VM Periodic Task Thread"        [id=20900, stack(0x000000cd2a200000,0x000000cd2a300000) (1024K)]
  0x00000281f717cc80 WorkerThread "GC Thread#0"                     [id=3624, stack(0x000000cd2a100000,0x000000cd2a200000) (1024K)]
  0x00000281d42e3c60 WorkerThread "GC Thread#1"                     [id=20932, stack(0x000000cd2af00000,0x000000cd2b000000) (1024K)]
  0x00000281d43cef20 WorkerThread "GC Thread#2"                     [id=12236, stack(0x000000cd2b000000,0x000000cd2b100000) (1024K)]
  0x00000281d43cf2d0 WorkerThread "GC Thread#3"                     [id=1900, stack(0x000000cd2b100000,0x000000cd2b200000) (1024K)]
Total: 6

Threads with active compile tasks:
C2 CompilerThread0  46410416 20010       4       org.gradle.internal.time.ExponentialBackoff::retryUntil (65 bytes)
Total: 1

VM state: not at safepoint (normal execution)

VM Mutex/Monitor currently owned by a thread: None

Heap address: 0x0000000080000000, size: 2048 MB, Compressed Oops mode: 32-bit

CDS archive(s) mapped at: [0x000002818f000000-0x000002818fba0000-0x000002818fba0000), size 12189696, SharedBaseAddress: 0x000002818f000000, ArchiveRelocationMode: 1.
Compressed class space mapped at: 0x0000028190000000-0x00000281d0000000, reserved size: 1073741824
Narrow klass base: 0x000002818f000000, Narrow klass shift: 0, Narrow klass range: 0x100000000

GC Precious Log:
 CardTable entry size: 512
 CPUs: 4 total, 4 available
 Memory: 18369M
 Large Page Support: Disabled
 NUMA Support: Disabled
 Compressed Oops: Enabled (32-bit)
 Alignments: Space 512K, Generation 512K, Heap 2M
 Heap Min Capacity: 100M
 Heap Initial Capacity: 100M
 Heap Max Capacity: 2G
 Pre-touch: Disabled
 Parallel Workers: 4

Heap:
 PSYoungGen      total 1536K, used 951K [0x00000000d5580000, 0x00000000d5800000, 0x0000000100000000)
  eden space 1024K, 49% used [0x00000000d5580000,0x00000000d55fdd90,0x00000000d5680000)
  from space 512K, 87% used [0x00000000d5700000,0x00000000d5770000,0x00000000d5780000)
  to   space 512K, 0% used [0x00000000d5780000,0x00000000d5780000,0x00000000d5800000)
 ParOldGen       total 143360K, used 133700K [0x0000000080000000, 0x0000000088c00000, 0x00000000d5580000)
  object space 143360K, 93% used [0x0000000080000000,0x0000000088291238,0x0000000088c00000)
 Metaspace       used 78823K, committed 81472K, reserved 1179648K
  class space    used 8673K, committed 9728K, reserved 1048576K

Card table byte_map: [0x00000281f6b20000,0x00000281f6f30000] _byte_map_base: 0x00000281f6720000

Marking Bits: (ParMarkBitMap*) 0x00007ff8356b44a0
 Begin Bits: [0x00000281fa610000, 0x00000281fc610000)
 End Bits:   [0x00000281fc610000, 0x00000281fe610000)

Polling page: 0x00000281f51c0000

Metaspace:

Usage:
  Non-class:     68.51 MB used.
      Class:      8.47 MB used.
       Both:     76.98 MB used.

Virtual space:
  Non-class space:      128.00 MB reserved,      70.06 MB ( 55%) committed,  2 nodes.
      Class space:        1.00 GB reserved,       9.50 MB ( <1%) committed,  1 nodes.
             Both:        1.12 GB reserved,      79.56 MB (  7%) committed. 

Chunk freelists:
   Non-Class:  10.09 MB
       Class:  6.70 MB
        Both:  16.79 MB

MaxMetaspaceSize: unlimited
CompressedClassSpaceSize: 1.00 GB
Initial GC threshold: 21.00 MB
Current GC threshold: 132.62 MB
CDS: on
 - commit_granule_bytes: 65536.
 - commit_granule_words: 8192.
 - virtual_space_node_default_size: 8388608.
 - enlarge_chunks_in_place: 1.
 - use_allocation_guard: 0.


Internal statistics:

num_allocs_failed_limit: 9.
num_arena_births: 2792.
num_arena_deaths: 924.
num_vsnodes_births: 3.
num_vsnodes_deaths: 0.
num_space_committed: 1274.
num_space_uncommitted: 1.
num_chunks_returned_to_freelist: 1217.
num_chunks_taken_from_freelist: 6585.
num_chunk_merges: 380.
num_chunk_splits: 3972.
num_chunks_enlarged: 2189.
num_inconsistent_stats: 0.

CodeHeap 'non-profiled nmethods': size=120000Kb used=15608Kb max_used=17123Kb free=104391Kb
 bounds [0x0000028187ad0000, 0x0000028188bb0000, 0x000002818f000000]
CodeHeap 'profiled nmethods': size=120000Kb used=32438Kb max_used=41169Kb free=87561Kb
 bounds [0x0000028180000000, 0x0000028182840000, 0x0000028187530000]
CodeHeap 'non-nmethods': size=5760Kb used=1472Kb max_used=1544Kb free=4287Kb
 bounds [0x0000028187530000, 0x00000281877a0000, 0x0000028187ad0000]
CodeCache: size=245760Kb, used=49518Kb, max_used=59836Kb, free=196239Kb
 total_blobs=16474, nmethods=15681, adapters=699, full_count=0
Compilation: enabled, stopped_count=0, restarted_count=0

Compilation events (20 events):
Event: 46404.211 Thread 0x00000281febd8e10 nmethod 20000 0x0000028180834990 code [0x0000028180834c40, 0x00000281808359f0]
Event: 46404.243 Thread 0x00000281feb5a220 20001       4       java.util.concurrent.ThreadPoolExecutor::runStateLessThan (11 bytes)
Event: 46404.244 Thread 0x00000281feb5a220 nmethod 20001 0x0000028187b02090 code [0x0000028187b02200, 0x0000028187b02270]
Event: 46404.279 Thread 0x00000281febd8e10 20002       3       com.google.common.base.Splitter$5::iterator (12 bytes)
Event: 46404.279 Thread 0x00000281febd8e10 nmethod 20002 0x00000281803c0e10 code [0x00000281803c0fe0, 0x00000281803c1290]
Event: 46404.279 Thread 0x00000281febd8e10 20003       3       com.google.common.base.Splitter::access$000 (6 bytes)
Event: 46404.279 Thread 0x00000281febd8e10 nmethod 20003 0x000002818022a410 code [0x000002818022a5e0, 0x000002818022a818]
Event: 46405.317 Thread 0x00000281febd8e10 20004       3       org.gradle.launcher.daemon.diagnostics.DaemonDiagnostics::<init> (15 bytes)
Event: 46405.318 Thread 0x00000281febd8e10 nmethod 20004 0x000002818016a490 code [0x000002818016a640, 0x000002818016a7d8]
Event: 46405.318 Thread 0x00000281febd8e10 20005       3       jdk.internal.math.DoubleToDecimal::toChars1 (100 bytes)
Event: 46405.319 Thread 0x00000281febd8e10 nmethod 20005 0x0000028180347d90 code [0x0000028180347fc0, 0x0000028180348648]
Event: 46405.637 Thread 0x00000281febd8e10 20006       3       org.gradle.internal.time.DefaultCountdownTimer::hasExpired (15 bytes)
Event: 46405.637 Thread 0x00000281febd8e10 nmethod 20006 0x0000028180461610 code [0x00000281804617e0, 0x0000028180461b20]
Event: 46405.637 Thread 0x00000281febd8e10 20007       3       org.gradle.internal.time.DefaultCountdownTimer::getRemainingMillis (14 bytes)
Event: 46405.637 Thread 0x00000281febd8e10 nmethod 20007 0x00000281801c4810 code [0x00000281801c49c0, 0x00000281801c4c40]
Event: 46407.686 Thread 0x00000281febd8e10 20008       3       org.gradle.internal.time.ExponentialBackoff::backoffPeriodFor (22 bytes)
Event: 46407.687 Thread 0x00000281febd8e10 nmethod 20008 0x0000028180276590 code [0x0000028180276740, 0x00000281802769d8]
Event: 46408.251 Thread 0x00000281febd8e10 20009       3       it.unimi.dsi.fastutil.longs.Long2ObjectOpenHashMap::find (109 bytes)
Event: 46408.251 Thread 0x00000281febd8e10 nmethod 20009 0x0000028180313990 code [0x0000028180313b80, 0x0000028180314000]
Event: 46409.848 Thread 0x00000281feb5a220 20010       4       org.gradle.internal.time.ExponentialBackoff::retryUntil (65 bytes)

GC Heap History (20 events):
Event: 46401.076 GC heap before
{Heap before GC invocations=5989 (full 5):
 PSYoungGen      total 1536K, used 1183K [0x00000000d5580000, 0x00000000d5800000, 0x0000000100000000)
  eden space 1024K, 99% used [0x00000000d5580000,0x00000000d567fd08,0x00000000d5680000)
  from space 512K, 31% used [0x00000000d5700000,0x00000000d5728000,0x00000000d5780000)
  to   space 512K, 0% used [0x00000000d5780000,0x00000000d5780000,0x00000000d5800000)
 ParOldGen       total 143360K, used 132264K [0x0000000080000000, 0x0000000088c00000, 0x00000000d5580000)
  object space 143360K, 92% used [0x0000000080000000,0x000000008812a218,0x0000000088c00000)
 Metaspace       used 78822K, committed 81472K, reserved 1179648K
  class space    used 8673K, committed 9728K, reserved 1048576K
}
Event: 46401.079 GC heap after
{Heap after GC invocations=5989 (full 5):
 PSYoungGen      total 1536K, used 288K [0x00000000d5580000, 0x00000000d5800000, 0x0000000100000000)
  eden space 1024K, 0% used [0x00000000d5580000,0x00000000d5580000,0x00000000d5680000)
  from space 512K, 56% used [0x00000000d5780000,0x00000000d57c8000,0x00000000d5800000)
  to   space 512K, 0% used [0x00000000d5700000,0x00000000d5700000,0x00000000d5780000)
 ParOldGen       total 143360K, used 132384K [0x0000000080000000, 0x0000000088c00000, 0x00000000d5580000)
  object space 143360K, 92% used [0x0000000080000000,0x0000000088148218,0x0000000088c00000)
 Metaspace       used 78822K, committed 81472K, reserved 1179648K
  class space    used 8673K, committed 9728K, reserved 1048576K
}
Event: 46402.601 GC heap before
{Heap before GC invocations=5990 (full 5):
 PSYoungGen      total 1536K, used 1312K [0x00000000d5580000, 0x00000000d5800000, 0x0000000100000000)
  eden space 1024K, 100% used [0x00000000d5580000,0x00000000d5680000,0x00000000d5680000)
  from space 512K, 56% used [0x00000000d5780000,0x00000000d57c8000,0x00000000d5800000)
  to   space 512K, 0% used [0x00000000d5700000,0x00000000d5700000,0x00000000d5780000)
 ParOldGen       total 143360K, used 132384K [0x0000000080000000, 0x0000000088c00000, 0x00000000d5580000)
  object space 143360K, 92% used [0x0000000080000000,0x0000000088148218,0x0000000088c00000)
 Metaspace       used 78822K, committed 81472K, reserved 1179648K
  class space    used 8673K, committed 9728K, reserved 1048576K
}
Event: 46402.605 GC heap after
{Heap after GC invocations=5990 (full 5):
 PSYoungGen      total 1536K, used 224K [0x00000000d5580000, 0x00000000d5800000, 0x0000000100000000)
  eden space 1024K, 0% used [0x00000000d5580000,0x00000000d5580000,0x00000000d5680000)
  from space 512K, 43% used [0x00000000d5700000,0x00000000d5738000,0x00000000d5780000)
  to   space 512K, 0% used [0x00000000d5780000,0x00000000d5780000,0x00000000d5800000)
 ParOldGen       total 143360K, used 132600K [0x0000000080000000, 0x0000000088c00000, 0x00000000d5580000)
  object space 143360K, 92% used [0x0000000080000000,0x000000008817e228,0x0000000088c00000)
 Metaspace       used 78822K, committed 81472K, reserved 1179648K
  class space    used 8673K, committed 9728K, reserved 1048576K
}
Event: 46402.646 GC heap before
{Heap before GC invocations=5991 (full 5):
 PSYoungGen      total 1536K, used 1247K [0x00000000d5580000, 0x00000000d5800000, 0x0000000100000000)
  eden space 1024K, 99% used [0x00000000d5580000,0x00000000d567ff80,0x00000000d5680000)
  from space 512K, 43% used [0x00000000d5700000,0x00000000d5738000,0x00000000d5780000)
  to   space 512K, 0% used [0x00000000d5780000,0x00000000d5780000,0x00000000d5800000)
 ParOldGen       total 143360K, used 132600K [0x0000000080000000, 0x0000000088c00000, 0x00000000d5580000)
  object space 143360K, 92% used [0x0000000080000000,0x000000008817e228,0x0000000088c00000)
 Metaspace       used 78822K, committed 81472K, reserved 1179648K
  class space    used 8673K, committed 9728K, reserved 1048576K
}
Event: 46402.649 GC heap after
{Heap after GC invocations=5991 (full 5):
 PSYoungGen      total 1536K, used 128K [0x00000000d5580000, 0x00000000d5800000, 0x0000000100000000)
  eden space 1024K, 0% used [0x00000000d5580000,0x00000000d5580000,0x00000000d5680000)
  from space 512K, 25% used [0x00000000d5780000,0x00000000d57a0000,0x00000000d5800000)
  to   space 512K, 0% used [0x00000000d5700000,0x00000000d5700000,0x00000000d5780000)
 ParOldGen       total 143360K, used 132736K [0x0000000080000000, 0x0000000088c00000, 0x00000000d5580000)
  object space 143360K, 92% used [0x0000000080000000,0x00000000881a0228,0x0000000088c00000)
 Metaspace       used 78822K, committed 81472K, reserved 1179648K
  class space    used 8673K, committed 9728K, reserved 1048576K
}
Event: 46403.708 GC heap before
{Heap before GC invocations=5992 (full 5):
 PSYoungGen      total 1536K, used 1151K [0x00000000d5580000, 0x00000000d5800000, 0x0000000100000000)
  eden space 1024K, 99% used [0x00000000d5580000,0x00000000d567ffe8,0x00000000d5680000)
  from space 512K, 25% used [0x00000000d5780000,0x00000000d57a0000,0x00000000d5800000)
  to   space 512K, 0% used [0x00000000d5700000,0x00000000d5700000,0x00000000d5780000)
 ParOldGen       total 143360K, used 132736K [0x0000000080000000, 0x0000000088c00000, 0x00000000d5580000)
  object space 143360K, 92% used [0x0000000080000000,0x00000000881a0228,0x0000000088c00000)
 Metaspace       used 78822K, committed 81472K, reserved 1179648K
  class space    used 8673K, committed 9728K, reserved 1048576K
}
Event: 46403.712 GC heap after
{Heap after GC invocations=5992 (full 5):
 PSYoungGen      total 1536K, used 128K [0x00000000d5580000, 0x00000000d5800000, 0x0000000100000000)
  eden space 1024K, 0% used [0x00000000d5580000,0x00000000d5580000,0x00000000d5680000)
  from space 512K, 25% used [0x00000000d5700000,0x00000000d5720000,0x00000000d5780000)
  to   space 512K, 0% used [0x00000000d5780000,0x00000000d5780000,0x00000000d5800000)
 ParOldGen       total 143360K, used 132744K [0x0000000080000000, 0x0000000088c00000, 0x00000000d5580000)
  object space 143360K, 92% used [0x0000000080000000,0x00000000881a2228,0x0000000088c00000)
 Metaspace       used 78822K, committed 81472K, reserved 1179648K
  class space    used 8673K, committed 9728K, reserved 1048576K
}
Event: 46404.161 GC heap before
{Heap before GC invocations=5993 (full 5):
 PSYoungGen      total 1536K, used 1151K [0x00000000d5580000, 0x00000000d5800000, 0x0000000100000000)
  eden space 1024K, 99% used [0x00000000d5580000,0x00000000d567fff8,0x00000000d5680000)
  from space 512K, 25% used [0x00000000d5700000,0x00000000d5720000,0x00000000d5780000)
  to   space 512K, 0% used [0x00000000d5780000,0x00000000d5780000,0x00000000d5800000)
 ParOldGen       total 143360K, used 132744K [0x0000000080000000, 0x0000000088c00000, 0x00000000d5580000)
  object space 143360K, 92% used [0x0000000080000000,0x00000000881a2228,0x0000000088c00000)
 Metaspace       used 78822K, committed 81472K, reserved 1179648K
  class space    used 8673K, committed 9728K, reserved 1048576K
}
Event: 46404.164 GC heap after
{Heap after GC invocations=5993 (full 5):
 PSYoungGen      total 1536K, used 480K [0x00000000d5580000, 0x00000000d5880000, 0x0000000100000000)
  eden space 1024K, 0% used [0x00000000d5580000,0x00000000d5580000,0x00000000d5680000)
  from space 512K, 93% used [0x00000000d5780000,0x00000000d57f8000,0x00000000d5800000)
  to   space 1024K, 0% used [0x00000000d5680000,0x00000000d5680000,0x00000000d5780000)
 ParOldGen       total 143360K, used 132808K [0x0000000080000000, 0x0000000088c00000, 0x00000000d5580000)
  object space 143360K, 92% used [0x0000000080000000,0x00000000881b2228,0x0000000088c00000)
 Metaspace       used 78822K, committed 81472K, reserved 1179648K
  class space    used 8673K, committed 9728K, reserved 1048576K
}
Event: 46404.393 GC heap before
{Heap before GC invocations=5994 (full 5):
 PSYoungGen      total 1536K, used 1503K [0x00000000d5580000, 0x00000000d5880000, 0x0000000100000000)
  eden space 1024K, 99% used [0x00000000d5580000,0x00000000d567ffb0,0x00000000d5680000)
  from space 512K, 93% used [0x00000000d5780000,0x00000000d57f8000,0x00000000d5800000)
  to   space 1024K, 0% used [0x00000000d5680000,0x00000000d5680000,0x00000000d5780000)
 ParOldGen       total 143360K, used 132808K [0x0000000080000000, 0x0000000088c00000, 0x00000000d5580000)
  object space 143360K, 92% used [0x0000000080000000,0x00000000881b2228,0x0000000088c00000)
 Metaspace       used 78823K, committed 81472K, reserved 1179648K
  class space    used 8673K, committed 9728K, reserved 1048576K
}
Event: 46404.397 GC heap after
{Heap after GC invocations=5994 (full 5):
 PSYoungGen      total 2048K, used 224K [0x00000000d5580000, 0x00000000d5800000, 0x0000000100000000)
  eden space 1024K, 0% used [0x00000000d5580000,0x00000000d5580000,0x00000000d5680000)
  from space 1024K, 21% used [0x00000000d5680000,0x00000000d56b8000,0x00000000d5780000)
  to   space 512K, 0% used [0x00000000d5780000,0x00000000d5780000,0x00000000d5800000)
 ParOldGen       total 143360K, used 133224K [0x0000000080000000, 0x0000000088c00000, 0x00000000d5580000)
  object space 143360K, 92% used [0x0000000080000000,0x000000008821a228,0x0000000088c00000)
 Metaspace       used 78823K, committed 81472K, reserved 1179648K
  class space    used 8673K, committed 9728K, reserved 1048576K
}
Event: 46404.432 GC heap before
{Heap before GC invocations=5995 (full 5):
 PSYoungGen      total 2048K, used 1247K [0x00000000d5580000, 0x00000000d5800000, 0x0000000100000000)
  eden space 1024K, 99% used [0x00000000d5580000,0x00000000d567ff58,0x00000000d5680000)
  from space 1024K, 21% used [0x00000000d5680000,0x00000000d56b8000,0x00000000d5780000)
  to   space 512K, 0% used [0x00000000d5780000,0x00000000d5780000,0x00000000d5800000)
 ParOldGen       total 143360K, used 133224K [0x0000000080000000, 0x0000000088c00000, 0x00000000d5580000)
  object space 143360K, 92% used [0x0000000080000000,0x000000008821a228,0x0000000088c00000)
 Metaspace       used 78823K, committed 81472K, reserved 1179648K
  class space    used 8673K, committed 9728K, reserved 1048576K
}
Event: 46404.438 GC heap after
{Heap after GC invocations=5995 (full 5):
 PSYoungGen      total 1536K, used 160K [0x00000000d5580000, 0x00000000d5800000, 0x0000000100000000)
  eden space 1024K, 0% used [0x00000000d5580000,0x00000000d5580000,0x00000000d5680000)
  from space 512K, 31% used [0x00000000d5780000,0x00000000d57a8000,0x00000000d5800000)
  to   space 512K, 0% used [0x00000000d5700000,0x00000000d5700000,0x00000000d5780000)
 ParOldGen       total 143360K, used 133360K [0x0000000080000000, 0x0000000088c00000, 0x00000000d5580000)
  object space 143360K, 93% used [0x0000000080000000,0x000000008823c228,0x0000000088c00000)
 Metaspace       used 78823K, committed 81472K, reserved 1179648K
  class space    used 8673K, committed 9728K, reserved 1048576K
}
Event: 46408.223 GC heap before
{Heap before GC invocations=5996 (full 5):
 PSYoungGen      total 1536K, used 1183K [0x00000000d5580000, 0x00000000d5800000, 0x0000000100000000)
  eden space 1024K, 99% used [0x00000000d5580000,0x00000000d567ffe8,0x00000000d5680000)
  from space 512K, 31% used [0x00000000d5780000,0x00000000d57a8000,0x00000000d5800000)
  to   space 512K, 0% used [0x00000000d5700000,0x00000000d5700000,0x00000000d5780000)
 ParOldGen       total 143360K, used 133360K [0x0000000080000000, 0x0000000088c00000, 0x00000000d5580000)
  object space 143360K, 93% used [0x0000000080000000,0x000000008823c228,0x0000000088c00000)
 Metaspace       used 78823K, committed 81472K, reserved 1179648K
  class space    used 8673K, committed 9728K, reserved 1048576K
}
Event: 46408.230 GC heap after
{Heap after GC invocations=5996 (full 5):
 PSYoungGen      total 1536K, used 128K [0x00000000d5580000, 0x00000000d5800000, 0x0000000100000000)
  eden space 1024K, 0% used [0x00000000d5580000,0x00000000d5580000,0x00000000d5680000)
  from space 512K, 25% used [0x00000000d5700000,0x00000000d5720000,0x00000000d5780000)
  to   space 512K, 0% used [0x00000000d5780000,0x00000000d5780000,0x00000000d5800000)
 ParOldGen       total 143360K, used 133368K [0x0000000080000000, 0x0000000088c00000, 0x00000000d5580000)
  object space 143360K, 93% used [0x0000000080000000,0x000000008823e228,0x0000000088c00000)
 Metaspace       used 78823K, committed 81472K, reserved 1179648K
  class space    used 8673K, committed 9728K, reserved 1048576K
}
Event: 46409.647 GC heap before
{Heap before GC invocations=5997 (full 5):
 PSYoungGen      total 1536K, used 1152K [0x00000000d5580000, 0x00000000d5800000, 0x0000000100000000)
  eden space 1024K, 100% used [0x00000000d5580000,0x00000000d5680000,0x00000000d5680000)
  from space 512K, 25% used [0x00000000d5700000,0x00000000d5720000,0x00000000d5780000)
  to   space 512K, 0% used [0x00000000d5780000,0x00000000d5780000,0x00000000d5800000)
 ParOldGen       total 143360K, used 133368K [0x0000000080000000, 0x0000000088c00000, 0x00000000d5580000)
  object space 143360K, 93% used [0x0000000080000000,0x000000008823e228,0x0000000088c00000)
 Metaspace       used 78823K, committed 81472K, reserved 1179648K
  class space    used 8673K, committed 9728K, reserved 1048576K
}
Event: 46409.650 GC heap after
{Heap after GC invocations=5997 (full 5):
 PSYoungGen      total 1536K, used 320K [0x00000000d5580000, 0x00000000d5800000, 0x0000000100000000)
  eden space 1024K, 0% used [0x00000000d5580000,0x00000000d5580000,0x00000000d5680000)
  from space 512K, 62% used [0x00000000d5780000,0x00000000d57d0000,0x00000000d5800000)
  to   space 512K, 0% used [0x00000000d5700000,0x00000000d5700000,0x00000000d5780000)
 ParOldGen       total 143360K, used 133440K [0x0000000080000000, 0x0000000088c00000, 0x00000000d5580000)
  object space 143360K, 93% used [0x0000000080000000,0x0000000088250228,0x0000000088c00000)
 Metaspace       used 78823K, committed 81472K, reserved 1179648K
  class space    used 8673K, committed 9728K, reserved 1048576K
}
Event: 46409.725 GC heap before
{Heap before GC invocations=5998 (full 5):
 PSYoungGen      total 1536K, used 1343K [0x00000000d5580000, 0x00000000d5800000, 0x0000000100000000)
  eden space 1024K, 99% used [0x00000000d5580000,0x00000000d567ffe8,0x00000000d5680000)
  from space 512K, 62% used [0x00000000d5780000,0x00000000d57d0000,0x00000000d5800000)
  to   space 512K, 0% used [0x00000000d5700000,0x00000000d5700000,0x00000000d5780000)
 ParOldGen       total 143360K, used 133440K [0x0000000080000000, 0x0000000088c00000, 0x00000000d5580000)
  object space 143360K, 93% used [0x0000000080000000,0x0000000088250228,0x0000000088c00000)
 Metaspace       used 78823K, committed 81472K, reserved 1179648K
  class space    used 8673K, committed 9728K, reserved 1048576K
}
Event: 46409.729 GC heap after
{Heap after GC invocations=5998 (full 5):
 PSYoungGen      total 1536K, used 448K [0x00000000d5580000, 0x00000000d5800000, 0x0000000100000000)
  eden space 1024K, 0% used [0x00000000d5580000,0x00000000d5580000,0x00000000d5680000)
  from space 512K, 87% used [0x00000000d5700000,0x00000000d5770000,0x00000000d5780000)
  to   space 512K, 0% used [0x00000000d5780000,0x00000000d5780000,0x00000000d5800000)
 ParOldGen       total 143360K, used 133700K [0x0000000080000000, 0x0000000088c00000, 0x00000000d5580000)
  object space 143360K, 93% used [0x0000000080000000,0x0000000088291238,0x0000000088c00000)
 Metaspace       used 78823K, committed 81472K, reserved 1179648K
  class space    used 8673K, committed 9728K, reserved 1048576K
}

Dll operation events (20 events):
Event: 0.392 Attempting to load shared library C:\Users\user\.vscode\extensions\redhat.java-1.56.0-win32-x64\jre\21.0.12.1-win32-x86_64\bin\zip.dll
Event: 0.392 Loaded shared library C:\Users\user\.vscode\extensions\redhat.java-1.56.0-win32-x64\jre\21.0.12.1-win32-x86_64\bin\zip.dll
Event: 0.453 Attempting to load shared library C:\Users\user\.vscode\extensions\redhat.java-1.56.0-win32-x64\jre\21.0.12.1-win32-x86_64\bin\jimage.dll
Event: 0.453 Loaded shared library C:\Users\user\.vscode\extensions\redhat.java-1.56.0-win32-x64\jre\21.0.12.1-win32-x86_64\bin\jimage.dll
Event: 0.837 Attempting to load shared library c:\Users\user\.vscode\extensions\redhat.java-1.56.0-win32-x64\jre\21.0.12.1-win32-x86_64\bin\verify.dll
Event: 0.837 Loaded shared library c:\Users\user\.vscode\extensions\redhat.java-1.56.0-win32-x64\jre\21.0.12.1-win32-x86_64\bin\verify.dll
Event: 16.184 Attempting to load shared library C:\Users\user\AppData\Roaming\Code\User\globalStorage\redhat.java\1.56.0\config_win\org.eclipse.equinox.launcher\org.eclipse.equinox.launcher.win32.win32.x86_64_1.3.100.v20260804-1928\eclipse_11924.dll
Event: 16.279 Loaded shared library C:\Users\user\AppData\Roaming\Code\User\globalStorage\redhat.java\1.56.0\config_win\org.eclipse.equinox.launcher\org.eclipse.equinox.launcher.win32.win32.x86_64_1.3.100.v20260804-1928\eclipse_11924.dll
Event: 50.867 Attempting to load shared library C:\Users\user\AppData\Local\Temp\jna-3599307\jna16342623064558830546.dll
Event: 50.963 Loaded shared library C:\Users\user\AppData\Local\Temp\jna-3599307\jna16342623064558830546.dll
Event: 72.805 Attempting to load shared library C:\Users\user\.gradle\native\660c5614fbf4a5f2a75b1949f50a0caf5cd603558e7d8a26e50b933a0cfb79d1\windows-amd64\native-platform.dll
Event: 72.806 Loaded shared library C:\Users\user\.gradle\native\660c5614fbf4a5f2a75b1949f50a0caf5cd603558e7d8a26e50b933a0cfb79d1\windows-amd64\native-platform.dll
Event: 76.204 Attempting to load shared library C:\Users\user\.vscode\extensions\redhat.java-1.56.0-win32-x64\jre\21.0.12.1-win32-x86_64\bin\management.dll
Event: 76.205 Loaded shared library C:\Users\user\.vscode\extensions\redhat.java-1.56.0-win32-x64\jre\21.0.12.1-win32-x86_64\bin\management.dll
Event: 76.213 Attempting to load shared library C:\Users\user\.vscode\extensions\redhat.java-1.56.0-win32-x64\jre\21.0.12.1-win32-x86_64\bin\management_ext.dll
Event: 76.214 Loaded shared library C:\Users\user\.vscode\extensions\redhat.java-1.56.0-win32-x64\jre\21.0.12.1-win32-x86_64\bin\management_ext.dll
Event: 77.300 Attempting to load shared library C:\Users\user\.vscode\extensions\redhat.java-1.56.0-win32-x64\jre\21.0.12.1-win32-x86_64\bin\sunmscapi.dll
Event: 77.303 Loaded shared library C:\Users\user\.vscode\extensions\redhat.java-1.56.0-win32-x64\jre\21.0.12.1-win32-x86_64\bin\sunmscapi.dll
Event: 79.199 Attempting to load shared library C:\Users\user\.vscode\extensions\redhat.java-1.56.0-win32-x64\jre\21.0.12.1-win32-x86_64\bin\extnet.dll
Event: 79.200 Loaded shared library C:\Users\user\.vscode\extensions\redhat.java-1.56.0-win32-x64\jre\21.0.12.1-win32-x86_64\bin\extnet.dll

Deoptimization events (20 events):
Event: 46336.072 Thread 0x00000281d8975800 DEOPT PACKING pc=0x00000281886ea624 sp=0x000000cd490fdec0
Event: 46336.072 Thread 0x00000281d8975800 DEOPT UNPACKING pc=0x0000028187583aa2 sp=0x000000cd490fdde8 mode 2
Event: 46388.909 Thread 0x00000281eae1ad60 Uncommon trap: trap_request=0xffffffbe fr.pc=0x0000028188b9acb4 relative=0x0000000000005354
Event: 46388.909 Thread 0x00000281eae1ad60 Uncommon trap: reason=profile_predicate action=maybe_recompile pc=0x0000028188b9acb4 method=org.gradle.internal.time.ExponentialBackoff.retryUntil(Lorg/gradle/internal/time/ExponentialBackoff$Query;)Ljava/lang/Object; @ 13 c2
Event: 46388.909 Thread 0x00000281eae1ad60 DEOPT PACKING pc=0x0000028188b9acb4 sp=0x000000cd458fdc20
Event: 46388.909 Thread 0x00000281eae1ad60 DEOPT UNPACKING pc=0x0000028187583aa2 sp=0x000000cd458fdc88 mode 2
Event: 46389.658 Thread 0x00000281eafdd830 Uncommon trap: trap_request=0xffffffbe fr.pc=0x0000028188b9acb4 relative=0x0000000000005354
Event: 46389.658 Thread 0x00000281eafdd830 Uncommon trap: reason=profile_predicate action=maybe_recompile pc=0x0000028188b9acb4 method=org.gradle.internal.time.ExponentialBackoff.retryUntil(Lorg/gradle/internal/time/ExponentialBackoff$Query;)Ljava/lang/Object; @ 13 c2
Event: 46389.658 Thread 0x00000281eafdd830 DEOPT PACKING pc=0x0000028188b9acb4 sp=0x000000cd6d5fd410
Event: 46389.658 Thread 0x00000281eafdd830 DEOPT UNPACKING pc=0x0000028187583aa2 sp=0x000000cd6d5fd478 mode 2
Event: 46390.840 Thread 0x00000281e746a690 Uncommon trap: trap_request=0xffffffbe fr.pc=0x0000028188b9acb4 relative=0x0000000000005354
Event: 46390.840 Thread 0x00000281e746a690 Uncommon trap: reason=profile_predicate action=maybe_recompile pc=0x0000028188b9acb4 method=org.gradle.internal.time.ExponentialBackoff.retryUntil(Lorg/gradle/internal/time/ExponentialBackoff$Query;)Ljava/lang/Object; @ 13 c2
Event: 46390.840 Thread 0x00000281e746a690 DEOPT PACKING pc=0x0000028188b9acb4 sp=0x000000cd710fddb0
Event: 46390.840 Thread 0x00000281e746a690 DEOPT UNPACKING pc=0x0000028187583aa2 sp=0x000000cd710fde18 mode 2
Event: 46392.881 Thread 0x00000281e747db00 Uncommon trap: trap_request=0xffffffbe fr.pc=0x0000028188b9acb4 relative=0x0000000000005354
Event: 46392.881 Thread 0x00000281e747db00 Uncommon trap: reason=profile_predicate action=maybe_recompile pc=0x0000028188b9acb4 method=org.gradle.internal.time.ExponentialBackoff.retryUntil(Lorg/gradle/internal/time/ExponentialBackoff$Query;)Ljava/lang/Object; @ 13 c2
Event: 46392.881 Thread 0x00000281e747db00 DEOPT PACKING pc=0x0000028188b9acb4 sp=0x000000cd32dfda30
Event: 46392.881 Thread 0x00000281e747db00 DEOPT UNPACKING pc=0x0000028187583aa2 sp=0x000000cd32dfda98 mode 2
Event: 46395.898 Thread 0x00000281d48b2d40 DEOPT PACKING pc=0x00000281827025ab sp=0x000000cd5ddfe0d0
Event: 46395.899 Thread 0x00000281d48b2d40 DEOPT UNPACKING pc=0x0000028187584242 sp=0x000000cd5ddfd5d0 mode 0

Classes loaded (20 events):
Event: 45820.709 Loading class com/sun/management/internal/HotSpotThreadImpl
Event: 45820.730 Loading class com/sun/management/ThreadMXBean
Event: 45820.975 Loading class com/sun/management/ThreadMXBean done
Event: 45820.976 Loading class sun/management/ThreadImpl
Event: 45821.004 Loading class sun/management/ThreadImpl done
Event: 45821.004 Loading class com/sun/management/internal/HotSpotThreadImpl done
Event: 45839.132 Loading class java/lang/management/ThreadInfo
Event: 45840.623 Loading class java/lang/management/ThreadInfo done
Event: 45840.672 Loading class java/lang/management/MonitorInfo
Event: 45840.990 Loading class java/lang/management/LockInfo
Event: 45841.215 Loading class java/lang/management/LockInfo done
Event: 45841.215 Loading class java/lang/management/MonitorInfo done
Event: 45855.196 Loading class java/nio/BufferUnderflowException
Event: 45855.197 Loading class java/nio/BufferUnderflowException done
Event: 45855.197 Loading class java/nio/BufferOverflowException
Event: 45855.198 Loading class java/nio/BufferOverflowException done
Event: 45855.198 Loading class javax/net/ssl/SSLException
Event: 45855.198 Loading class javax/net/ssl/SSLException done
Event: 45862.552 Loading class java/lang/management/ThreadInfo$1
Event: 45862.552 Loading class java/lang/management/ThreadInfo$1 done

Classes unloaded (20 events):
Event: 46135.584 Thread 0x00000281feb4e020 Unloading class 0x000002819000d800 'java/lang/invoke/LambdaForm$MH+0x000002819000d800'
Event: 46135.584 Thread 0x00000281feb4e020 Unloading class 0x000002819000d400 'java/lang/invoke/LambdaForm$MH+0x000002819000d400'
Event: 46135.584 Thread 0x00000281feb4e020 Unloading class 0x000002819000d000 'java/lang/invoke/LambdaForm$MH+0x000002819000d000'
Event: 46135.584 Thread 0x00000281feb4e020 Unloading class 0x000002819000cc00 'java/lang/invoke/LambdaForm$MH+0x000002819000cc00'
Event: 46135.584 Thread 0x00000281feb4e020 Unloading class 0x000002819000c800 'java/lang/invoke/LambdaForm$BMH+0x000002819000c800'
Event: 46135.584 Thread 0x00000281feb4e020 Unloading class 0x000002819000c000 'java/lang/invoke/LambdaForm$DMH+0x000002819000c000'
Event: 46135.584 Thread 0x00000281feb4e020 Unloading class 0x0000028190008c00 'java/lang/invoke/LambdaForm$MH+0x0000028190008c00'
Event: 46135.584 Thread 0x00000281feb4e020 Unloading class 0x0000028190008800 'java/lang/invoke/LambdaForm$MH+0x0000028190008800'
Event: 46135.584 Thread 0x00000281feb4e020 Unloading class 0x0000028190008400 'java/lang/invoke/LambdaForm$MH+0x0000028190008400'
Event: 46135.584 Thread 0x00000281feb4e020 Unloading class 0x0000028190007000 'java/lang/invoke/LambdaForm$MH+0x0000028190007000'
Event: 46135.584 Thread 0x00000281feb4e020 Unloading class 0x0000028190006800 'java/lang/invoke/LambdaForm$MH+0x0000028190006800'
Event: 46135.584 Thread 0x00000281feb4e020 Unloading class 0x0000028190006400 'java/lang/invoke/LambdaForm$MH+0x0000028190006400'
Event: 46135.584 Thread 0x00000281feb4e020 Unloading class 0x0000028190006000 'java/lang/invoke/LambdaForm$MH+0x0000028190006000'
Event: 46135.584 Thread 0x00000281feb4e020 Unloading class 0x0000028190005c00 'java/lang/invoke/LambdaForm$BMH+0x0000028190005c00'
Event: 46135.584 Thread 0x00000281feb4e020 Unloading class 0x0000028190004800 'java/lang/invoke/LambdaForm$DMH+0x0000028190004800'
Event: 46135.584 Thread 0x00000281feb4e020 Unloading class 0x0000028190002800 'java/lang/invoke/LambdaForm$MH+0x0000028190002800'
Event: 46135.584 Thread 0x00000281feb4e020 Unloading class 0x0000028190002400 'java/lang/invoke/LambdaForm$MH+0x0000028190002400'
Event: 46135.584 Thread 0x00000281feb4e020 Unloading class 0x0000028190002000 'java/lang/invoke/LambdaForm$MH+0x0000028190002000'
Event: 46135.584 Thread 0x00000281feb4e020 Unloading class 0x0000028190001800 'java/lang/invoke/LambdaForm$MH+0x0000028190001800'
Event: 46135.584 Thread 0x00000281feb4e020 Unloading class 0x0000028190000400 'java/lang/invoke/LambdaForm$MH+0x0000028190000400'

Classes redefined (0 events):
No events

Internal exceptions (20 events):
Event: 46195.167 Thread 0x00000281e08d9fb0 Exception <a 'sun/nio/fs/WindowsException'{0x00000000d5675528}> (0x00000000d5675528) 
thrown [s\src\hotspot\share\prims\jni.cpp, line 520]
Event: 46195.224 Thread 0x00000281e7497870 Exception <a 'sun/nio/fs/WindowsException'{0x00000000d55a50c8}> (0x00000000d55a50c8) 
thrown [s\src\hotspot\share\prims\jni.cpp, line 520]
Event: 46199.241 Thread 0x00000281e0bef980 Exception <a 'sun/nio/fs/WindowsException'{0x00000000d5678820}> (0x00000000d5678820) 
thrown [s\src\hotspot\share\prims\jni.cpp, line 520]
Event: 46199.352 Thread 0x00000281e7488c30 Exception <a 'sun/nio/fs/WindowsException'{0x00000000d55ea578}> (0x00000000d55ea578) 
thrown [s\src\hotspot\share\prims\jni.cpp, line 520]
Event: 46201.531 Thread 0x00000281e08f0210 Exception <a 'sun/nio/fs/WindowsException'{0x00000000d565c628}> (0x00000000d565c628) 
thrown [s\src\hotspot\share\prims\jni.cpp, line 520]
Event: 46210.498 Thread 0x00000281e8a46120 Exception <a 'sun/nio/fs/WindowsException'{0x00000000d5678c00}> (0x00000000d5678c00) 
thrown [s\src\hotspot\share\prims\jni.cpp, line 520]
Event: 46245.030 Thread 0x00000281e0bd6930 Exception <a 'sun/nio/fs/WindowsException'{0x00000000d5584aa0}> (0x00000000d5584aa0) 
thrown [s\src\hotspot\share\prims\jni.cpp, line 520]
Event: 46285.887 Thread 0x00000281e8a5b660 Exception <a 'sun/nio/fs/WindowsException'{0x00000000d56517a0}> (0x00000000d56517a0) 
thrown [s\src\hotspot\share\prims\jni.cpp, line 520]
Event: 46305.746 Thread 0x00000281e8a6f7f0 Exception <a 'sun/nio/fs/WindowsException'{0x00000000d55e7c60}> (0x00000000d55e7c60) 
thrown [s\src\hotspot\share\prims\jni.cpp, line 520]
Event: 46306.545 Thread 0x00000281e749a660 Exception <a 'sun/nio/fs/WindowsException'{0x00000000d5608460}> (0x00000000d5608460) 
thrown [s\src\hotspot\share\prims\jni.cpp, line 520]
Event: 46316.813 Thread 0x00000281e74678a0 Exception <a 'sun/nio/fs/WindowsException'{0x00000000d5644bf0}> (0x00000000d5644bf0) 
thrown [s\src\hotspot\share\prims\jni.cpp, line 520]
Event: 46329.276 Thread 0x00000281e8a76780 Exception <a 'sun/nio/fs/WindowsException'{0x00000000d560e008}> (0x00000000d560e008) 
thrown [s\src\hotspot\share\prims\jni.cpp, line 520]
Event: 46335.160 Thread 0x00000281eafdbdf0 Exception <a 'sun/nio/fs/WindowsException'{0x00000000d55d9d88}> (0x00000000d55d9d88) 
thrown [s\src\hotspot\share\prims\jni.cpp, line 520]
Event: 46336.071 Thread 0x00000281d8975800 Exception <a 'sun/net/ConnectionResetException'{0x00000000d566f7b0}: Connection reset> (0x00000000d566f7b0) 
thrown [s\src\hotspot\share\prims\jni.cpp, line 539]
Event: 46336.072 Thread 0x00000281d8975800 Implicit null exception at 0x00000281886ea50c to 0x00000281886ea60c
Event: 46336.137 Thread 0x00000281d8975800 Exception <a 'java/io/IOException'{0x00000000d55deb50}: Connection reset by peer> (0x00000000d55deb50) 
thrown [s\src\hotspot\share\prims\jni.cpp, line 539]
Event: 46336.235 Thread 0x00000281d89778d0 Exception <a 'sun/nio/fs/WindowsException'{0x00000000d5635920}> (0x00000000d5635920) 
thrown [s\src\hotspot\share\prims\jni.cpp, line 520]
Event: 46392.003 Thread 0x00000281eafe8ff0 Exception <a 'sun/nio/fs/WindowsException'{0x00000000d5659e98}> (0x00000000d5659e98) 
thrown [s\src\hotspot\share\prims\jni.cpp, line 520]
Event: 46401.957 Thread 0x00000281eafedeb0 Exception <a 'sun/nio/fs/WindowsException'{0x00000000d5643930}> (0x00000000d5643930) 
thrown [s\src\hotspot\share\prims\jni.cpp, line 520]
Event: 46404.245 Thread 0x00000281e749f520 Exception <a 'sun/nio/fs/WindowsException'{0x00000000d55f7a98}> (0x00000000d55f7a98) 
thrown [s\src\hotspot\share\prims\jni.cpp, line 520]

ZGC Phase Switch (0 events):
No events

VM Operations (20 events):
Event: 46401.060 Executing safepoint VM operation: ParallelGCFailedAllocation (Allocation Failure)
Event: 46401.080 Executing safepoint VM operation: ParallelGCFailedAllocation (Allocation Failure) done
Event: 46402.601 Executing safepoint VM operation: ParallelGCFailedAllocation (Allocation Failure)
Event: 46402.605 Executing safepoint VM operation: ParallelGCFailedAllocation (Allocation Failure) done
Event: 46402.646 Executing safepoint VM operation: ParallelGCFailedAllocation (Allocation Failure)
Event: 46402.649 Executing safepoint VM operation: ParallelGCFailedAllocation (Allocation Failure) done
Event: 46403.708 Executing safepoint VM operation: ParallelGCFailedAllocation (Allocation Failure)
Event: 46403.712 Executing safepoint VM operation: ParallelGCFailedAllocation (Allocation Failure) done
Event: 46404.161 Executing safepoint VM operation: ParallelGCFailedAllocation (Allocation Failure)
Event: 46404.164 Executing safepoint VM operation: ParallelGCFailedAllocation (Allocation Failure) done
Event: 46404.393 Executing safepoint VM operation: ParallelGCFailedAllocation (Allocation Failure)
Event: 46404.397 Executing safepoint VM operation: ParallelGCFailedAllocation (Allocation Failure) done
Event: 46404.432 Executing safepoint VM operation: ParallelGCFailedAllocation (Allocation Failure)
Event: 46404.438 Executing safepoint VM operation: ParallelGCFailedAllocation (Allocation Failure) done
Event: 46408.223 Executing safepoint VM operation: ParallelGCFailedAllocation (Allocation Failure)
Event: 46408.230 Executing safepoint VM operation: ParallelGCFailedAllocation (Allocation Failure) done
Event: 46409.647 Executing safepoint VM operation: ParallelGCFailedAllocation (Allocation Failure)
Event: 46409.650 Executing safepoint VM operation: ParallelGCFailedAllocation (Allocation Failure) done
Event: 46409.724 Executing safepoint VM operation: ParallelGCFailedAllocation (Allocation Failure)
Event: 46409.729 Executing safepoint VM operation: ParallelGCFailedAllocation (Allocation Failure) done

Memory protections (0 events):
No events

Nmethod flushes (20 events):
Event: 46136.024 Thread 0x00000281feb4e020 flushing  nmethod 0x0000028181b63b90
Event: 46136.024 Thread 0x00000281feb4e020 flushing  nmethod 0x0000028181b7d610
Event: 46136.024 Thread 0x00000281feb4e020 flushing  nmethod 0x0000028181b91d90
Event: 46136.024 Thread 0x00000281feb4e020 flushing  nmethod 0x0000028181ba5e10
Event: 46136.024 Thread 0x00000281feb4e020 flushing  nmethod 0x0000028181bafa90
Event: 46136.024 Thread 0x00000281feb4e020 flushing  nmethod 0x0000028181bbf690
Event: 46136.024 Thread 0x00000281feb4e020 flushing  nmethod 0x0000028181bc7910
Event: 46136.024 Thread 0x00000281feb4e020 flushing  nmethod 0x0000028181bd7f90
Event: 46136.024 Thread 0x00000281feb4e020 flushing  nmethod 0x0000028181be1b10
Event: 46136.025 Thread 0x00000281feb4e020 flushing  nmethod 0x0000028181bf2b10
Event: 46136.025 Thread 0x00000281feb4e020 flushing  nmethod 0x0000028181cbbe90
Event: 46136.025 Thread 0x00000281feb4e020 flushing  nmethod 0x0000028181d15f90
Event: 46136.025 Thread 0x00000281feb4e020 flushing  nmethod 0x0000028181d7c410
Event: 46136.025 Thread 0x00000281feb4e020 flushing  nmethod 0x0000028181e1af90
Event: 46136.025 Thread 0x00000281feb4e020 flushing  nmethod 0x0000028181e1b510
Event: 46136.025 Thread 0x00000281feb4e020 flushing  nmethod 0x0000028181e1fc10
Event: 46136.025 Thread 0x00000281feb4e020 flushing  nmethod 0x0000028181e28e10
Event: 46136.025 Thread 0x00000281feb4e020 flushing  nmethod 0x0000028181e43b90
Event: 46136.025 Thread 0x00000281feb4e020 flushing  nmethod 0x0000028181e44190
Event: 46136.025 Thread 0x00000281feb4e020 flushing  nmethod 0x0000028181e73b90

Events (20 events):
Event: 46402.047 Thread 0x00000281eafedeb0 Thread added: 0x00000281eae24450
Event: 46402.279 Thread 0x00000281eae02a30 Thread exited: 0x00000281eae02a30
Event: 46403.001 Thread 0x00000281eae3d4a0 Thread exited: 0x00000281eae3d4a0
Event: 46403.712 Thread 0x00000281d896ba80 Thread exited: 0x00000281d896ba80
Event: 46404.243 Thread 0x00000281eafeb750 Thread exited: 0x00000281eafeb750
Event: 46404.243 Thread 0x00000281e7466b80 Thread exited: 0x00000281e7466b80
Event: 46404.245 Thread 0x00000281e74657d0 Thread exited: 0x00000281e74657d0
Event: 46404.305 Thread 0x00000281e749f520 Thread added: 0x00000281eae37230
Event: 46404.829 Thread 0x00000281e8a45400 Thread exited: 0x00000281e8a45400
Event: 46405.317 Thread 0x00000281e0be1a60 Thread exited: 0x00000281e0be1a60
Event: 46405.923 Thread 0x00000281e8a40540 Thread exited: 0x00000281e8a40540
Event: 46406.669 Thread 0x00000281e0bd9720 Thread exited: 0x00000281e0bd9720
Event: 46407.317 Thread 0x00000281eae1c7a0 Thread exited: 0x00000281eae1c7a0
Event: 46408.522 Thread 0x00000281e7489950 Thread exited: 0x00000281e7489950
Event: 46409.045 Thread 0x00000281d896f590 Thread exited: 0x00000281d896f590
Event: 46409.524 Thread 0x00000281eae1b3f0 Thread exited: 0x00000281eae1b3f0
Event: 46409.591 Thread 0x00000281d8606c70 Thread added: 0x00000281eae1c7a0
Event: 46409.654 Thread 0x00000281eae1c7a0 Thread added: 0x00000281eae1b3f0
Event: 46409.655 Thread 0x00000281eae1c7a0 Thread added: 0x00000281eae20fd0
Event: 46409.666 Thread 0x00000281eae1b3f0 Thread exited: 0x00000281eae1b3f0


Dynamic libraries:
0x00007ff729460000 - 0x00007ff72946e000 	c:\Users\user\.vscode\extensions\redhat.java-1.56.0-win32-x64\jre\21.0.12.1-win32-x86_64\bin\java.exe
0x00007ff8b9a00000 - 0x00007ff8b9c67000 	C:\WINDOWS\SYSTEM32\ntdll.dll
0x00007ff8b7eb0000 - 0x00007ff8b7f7b000 	C:\WINDOWS\System32\KERNEL32.DLL
0x00007ff8b6fe0000 - 0x00007ff8b73e2000 	C:\WINDOWS\System32\KERNELBASE.dll
0x00007ff8b6e80000 - 0x00007ff8b6fcc000 	C:\WINDOWS\System32\ucrtbase.dll
0x00007ff89fdd0000 - 0x00007ff89fde8000 	c:\Users\user\.vscode\extensions\redhat.java-1.56.0-win32-x64\jre\21.0.12.1-win32-x86_64\bin\jli.dll
0x00007ff8b77e0000 - 0x00007ff8b79af000 	C:\WINDOWS\System32\USER32.dll
0x00007ff8b6d90000 - 0x00007ff8b6db7000 	C:\WINDOWS\System32\win32u.dll
0x00007ff8b8560000 - 0x00007ff8b858b000 	C:\WINDOWS\System32\GDI32.dll
0x00007ff8b7540000 - 0x00007ff8b7669000 	C:\WINDOWS\System32\gdi32full.dll
0x00007ff8b7670000 - 0x00007ff8b7713000 	C:\WINDOWS\System32\msvcp_win.dll
0x00007ff8b18f0000 - 0x00007ff8b190e000 	c:\Users\user\.vscode\extensions\redhat.java-1.56.0-win32-x64\jre\21.0.12.1-win32-x86_64\bin\VCRUNTIME140.dll
0x00007ff8981e0000 - 0x00007ff898470000 	C:\WINDOWS\WinSxS\amd64_microsoft.windows.common-controls_6595b64144ccf1df_6.0.26100.9278_none_3e0d1ba8e3303201\COMCTL32.dll
0x00007ff8b9910000 - 0x00007ff8b99b9000 	C:\WINDOWS\System32\msvcrt.dll
0x00007ff8b7a50000 - 0x00007ff8b7a81000 	C:\WINDOWS\System32\IMM32.DLL
0x00007ff8b1dd0000 - 0x00007ff8b1ddc000 	c:\Users\user\.vscode\extensions\redhat.java-1.56.0-win32-x64\jre\21.0.12.1-win32-x86_64\bin\vcruntime140_1.dll
0x00007ff845710000 - 0x00007ff84579d000 	c:\Users\user\.vscode\extensions\redhat.java-1.56.0-win32-x64\jre\21.0.12.1-win32-x86_64\bin\msvcp140.dll
0x00007ff8349f0000 - 0x00007ff835792000 	c:\Users\user\.vscode\extensions\redhat.java-1.56.0-win32-x64\jre\21.0.12.1-win32-x86_64\bin\server\jvm.dll
0x00007ff8b9810000 - 0x00007ff8b98cc000 	C:\WINDOWS\System32\ADVAPI32.dll
0x00007ff8b9430000 - 0x00007ff8b94d9000 	C:\WINDOWS\System32\sechost.dll
0x00007ff8b96f0000 - 0x00007ff8b9808000 	C:\WINDOWS\System32\RPCRT4.dll
0x00007ff8b92a0000 - 0x00007ff8b9320000 	C:\WINDOWS\System32\WS2_32.dll
0x00007ff8b6a80000 - 0x00007ff8b6ade000 	C:\WINDOWS\SYSTEM32\POWRPROF.dll
0x00007ff8afe40000 - 0x00007ff8afe76000 	C:\WINDOWS\SYSTEM32\WINMM.dll
0x00007ff8afe80000 - 0x00007ff8afe8b000 	C:\WINDOWS\SYSTEM32\VERSION.dll
0x00007ff8b6a60000 - 0x00007ff8b6a75000 	C:\WINDOWS\SYSTEM32\UMPDC.dll
0x00007ff8b58d0000 - 0x00007ff8b58eb000 	C:\WINDOWS\SYSTEM32\kernel.appcore.dll
0x00007ff8b1960000 - 0x00007ff8b196a000 	c:\Users\user\.vscode\extensions\redhat.java-1.56.0-win32-x64\jre\21.0.12.1-win32-x86_64\bin\jimage.dll
0x00007ff8ac1b0000 - 0x00007ff8ac3fc000 	C:\WINDOWS\SYSTEM32\DBGHELP.DLL
0x00007ff8b7b20000 - 0x00007ff8b7ea5000 	C:\WINDOWS\System32\combase.dll
0x00007ff8b94e0000 - 0x00007ff8b95b9000 	C:\WINDOWS\System32\OLEAUT32.dll
0x00007ff89d300000 - 0x00007ff89d33b000 	C:\WINDOWS\SYSTEM32\dbgcore.DLL
0x00007ff8b7480000 - 0x00007ff8b752c000 	C:\WINDOWS\System32\bcryptPrimitives.dll
0x00007ff8913b0000 - 0x00007ff8913bf000 	c:\Users\user\.vscode\extensions\redhat.java-1.56.0-win32-x64\jre\21.0.12.1-win32-x86_64\bin\instrument.dll
0x00007ff89fdb0000 - 0x00007ff89fdd0000 	c:\Users\user\.vscode\extensions\redhat.java-1.56.0-win32-x64\jre\21.0.12.1-win32-x86_64\bin\java.dll
0x00007ff8b85b0000 - 0x00007ff8b8d48000 	C:\WINDOWS\System32\SHELL32.dll
0x00007ff8b4650000 - 0x00007ff8b4efe000 	C:\WINDOWS\SYSTEM32\windows.storage.dll
0x00007ff8b9330000 - 0x00007ff8b942b000 	C:\WINDOWS\System32\SHCORE.dll
0x00007ff8b91e0000 - 0x00007ff8b9246000 	C:\WINDOWS\System32\shlwapi.dll
0x00007ff8b6b20000 - 0x00007ff8b6b49000 	C:\WINDOWS\SYSTEM32\profapi.dll
0x00007ff894850000 - 0x00007ff894868000 	c:\Users\user\.vscode\extensions\redhat.java-1.56.0-win32-x64\jre\21.0.12.1-win32-x86_64\bin\zip.dll
0x00007ff8aad00000 - 0x00007ff8aad10000 	C:\Users\user\.vscode\extensions\redhat.java-1.56.0-win32-x64\jre\21.0.12.1-win32-x86_64\bin\net.dll
0x00007ff8ac450000 - 0x00007ff8ac57a000 	C:\WINDOWS\SYSTEM32\WINHTTP.dll
0x00007ff8b5e90000 - 0x00007ff8b5efc000 	C:\WINDOWS\system32\mswsock.dll
0x00007ff892360000 - 0x00007ff892376000 	C:\Users\user\.vscode\extensions\redhat.java-1.56.0-win32-x64\jre\21.0.12.1-win32-x86_64\bin\nio.dll
0x00007ff8aac00000 - 0x00007ff8aac10000 	c:\Users\user\.vscode\extensions\redhat.java-1.56.0-win32-x64\jre\21.0.12.1-win32-x86_64\bin\verify.dll
0x00007ff8996e0000 - 0x00007ff899725000 	C:\Users\user\AppData\Roaming\Code\User\globalStorage\redhat.java\1.56.0\config_win\org.eclipse.equinox.launcher\org.eclipse.equinox.launcher.win32.win32.x86_64_1.3.100.v20260804-1928\eclipse_11924.dll
0x00007ff8b81e0000 - 0x00007ff8b837a000 	C:\WINDOWS\System32\ole32.dll
0x00007ff8b6180000 - 0x00007ff8b619b000 	C:\WINDOWS\SYSTEM32\CRYPTSP.dll
0x00007ff8b5830000 - 0x00007ff8b5869000 	C:\WINDOWS\system32\rsaenh.dll
0x00007ff8b5f40000 - 0x00007ff8b5f74000 	C:\WINDOWS\SYSTEM32\USERENV.dll
0x00007ff8b6af0000 - 0x00007ff8b6b1a000 	C:\WINDOWS\SYSTEM32\bcrypt.dll
0x00007ff8b61a0000 - 0x00007ff8b61ac000 	C:\WINDOWS\SYSTEM32\CRYPTBASE.dll
0x00007ff8b5310000 - 0x00007ff8b5343000 	C:\WINDOWS\SYSTEM32\IPHLPAPI.DLL
0x00007ff8b9670000 - 0x00007ff8b967a000 	C:\WINDOWS\System32\NSI.dll
0x00007ff85aed0000 - 0x00007ff85af19000 	C:\Users\user\AppData\Local\Temp\jna-3599307\jna16342623064558830546.dll
0x00007ff8b9900000 - 0x00007ff8b9908000 	C:\WINDOWS\System32\PSAPI.DLL
0x00007ff8ac030000 - 0x00007ff8ac04d000 	C:\WINDOWS\SYSTEM32\dhcpcsvc6.DLL
0x00007ff8ac000000 - 0x00007ff8ac025000 	C:\WINDOWS\SYSTEM32\dhcpcsvc.DLL
0x00007ff85c110000 - 0x00007ff85c137000 	C:\Users\user\.gradle\native\660c5614fbf4a5f2a75b1949f50a0caf5cd603558e7d8a26e50b933a0cfb79d1\windows-amd64\native-platform.dll
0x00007ff8a8970000 - 0x00007ff8a897a000 	C:\Users\user\.vscode\extensions\redhat.java-1.56.0-win32-x64\jre\21.0.12.1-win32-x86_64\bin\management.dll
0x00007ff89d340000 - 0x00007ff89d34c000 	C:\Users\user\.vscode\extensions\redhat.java-1.56.0-win32-x64\jre\21.0.12.1-win32-x86_64\bin\management_ext.dll
0x00007ff8913a0000 - 0x00007ff8913ae000 	C:\Users\user\.vscode\extensions\redhat.java-1.56.0-win32-x64\jre\21.0.12.1-win32-x86_64\bin\sunmscapi.dll
0x00007ff8b6c00000 - 0x00007ff8b6d7e000 	C:\WINDOWS\System32\CRYPT32.dll
0x00007ff8b63c0000 - 0x00007ff8b63f0000 	C:\WINDOWS\SYSTEM32\ncrypt.dll
0x00007ff8b6370000 - 0x00007ff8b63af000 	C:\WINDOWS\SYSTEM32\NTASN1.dll
0x00007ff8b5350000 - 0x00007ff8b54a8000 	C:\WINDOWS\SYSTEM32\DNSAPI.dll
0x00007ff8b5c90000 - 0x00007ff8b5c9d000 	C:\WINDOWS\SYSTEM32\DSPARSE.dll
0x00007ff8ae350000 - 0x00007ff8ae35b000 	C:\Windows\System32\rasadhlp.dll
0x00007ff8aa9e0000 - 0x00007ff8aaa66000 	C:\WINDOWS\System32\fwpuclnt.dll
0x00007ff899480000 - 0x00007ff899489000 	C:\Users\user\.vscode\extensions\redhat.java-1.56.0-win32-x64\jre\21.0.12.1-win32-x86_64\bin\extnet.dll
0x00007ff88b8f0000 - 0x00007ff88b8f8000 	C:\WINDOWS\system32\wshunix.dll

JVMTI agents:
c:\Users\user\.vscode\extensions\redhat.java-1.56.0-win32-x64\lombok\lombok-1.18.39-4050.jar path:c:\Users\user\.vscode\extensions\redhat.java-1.56.0-win32-x64\jre\21.0.12.1-win32-x86_64\bin\instrument.dll, loaded, initialized, instrumentlib options:none

dbghelp: loaded successfully - version: 4.0.5 - missing functions: none
symbol engine: initialized successfully - sym options: 0x614 - pdb path: .;c:\Users\user\.vscode\extensions\redhat.java-1.56.0-win32-x64\jre\21.0.12.1-win32-x86_64\bin;C:\WINDOWS\SYSTEM32;C:\WINDOWS\WinSxS\amd64_microsoft.windows.common-controls_6595b64144ccf1df_6.0.26100.9278_none_3e0d1ba8e3303201;c:\Users\user\.vscode\extensions\redhat.java-1.56.0-win32-x64\jre\21.0.12.1-win32-x86_64\bin\server;C:\Users\user\AppData\Roaming\Code\User\globalStorage\redhat.java\1.56.0\config_win\org.eclipse.equinox.launcher\org.eclipse.equinox.launcher.win32.win32.x86_64_1.3.100.v20260804-1928;C:\Users\user\AppData\Local\Temp\jna-3599307;C:\Users\user\.gradle\native\660c5614fbf4a5f2a75b1949f50a0caf5cd603558e7d8a26e50b933a0cfb79d1\windows-amd64

VM Arguments:
jvm_args: --add-modules=ALL-SYSTEM --add-opens=java.base/java.util=ALL-UNNAMED --add-opens=java.base/java.lang=ALL-UNNAMED --add-opens=java.base/sun.nio.fs=ALL-UNNAMED -Declipse.application=org.eclipse.jdt.ls.core.id1 -Dosgi.bundles.defaultStartLevel=4 -Declipse.product=org.eclipse.jdt.ls.core.product -Djava.import.generatesMetadataFilesAtProjectRoot=false -Dm2e.project.cache.size=50 -DDetectVMInstallationsJob.disabled=true -Dfile.encoding=utf8 -XX:+UseParallelGC -XX:GCTimeRatio=4 -XX:AdaptiveSizePolicyWeight=90 -Dsun.zip.disableMemoryMapping=true -Xmx2G -Xms100m -Xlog:disable -javaagent:c:\Users\user\.vscode\extensions\redhat.java-1.56.0-win32-x64\lombok\lombok-1.18.39-4050.jar -XX:+HeapDumpOnOutOfMemoryError -XX:HeapDumpPath=c:\Users\user\AppData\Roaming\Code\User\workspaceStorage\9d9156ffb6426d8458dc70a5770c4c03\redhat.java -Daether.dependencyCollector.impl=bf 
java_command: c:\Users\user\.vscode\extensions\redhat.java-1.56.0-win32-x64\server\plugins\org.eclipse.equinox.launcher_1.8.0.v20260804-1928.jar -configuration c:\Users\user\AppData\Roaming\Code\User\globalStorage\redhat.java\1.56.0\config_win -data c:\Users\user\AppData\Roaming\Code\User\workspaceStorage\9d9156ffb6426d8458dc70a5770c4c03\redhat.java\jdt_ws --pipe=\\.\pipe\lsp-2234585e4f7b1bfb7fe672e4b078a53a-sock
java_class_path (initial): c:\Users\user\.vscode\extensions\redhat.java-1.56.0-win32-x64\server\plugins\org.eclipse.equinox.launcher_1.8.0.v20260804-1928.jar
Launcher Type: SUN_STANDARD

[Global flags]
    uintx AdaptiveSizePolicyWeight                 = 90                                        {product} {command line}
     intx CICompilerCount                          = 3                                         {product} {ergonomic}
    uintx GCTimeRatio                              = 4                                         {product} {command line}
     bool HeapDumpOnOutOfMemoryError               = true                                   {manageable} {command line}
    ccstr HeapDumpPath                             = c:\Users\user\AppData\Roaming\Code\User\workspaceStorage\9d9156ffb6426d8458dc70a5770c4c03\redhat.java         {manageable} {command line}
   size_t InitialHeapSize                          = 104857600                                 {product} {command line}
   size_t MaxHeapSize                              = 2147483648                                {product} {command line}
   size_t MaxNewSize                               = 715653120                                 {product} {ergonomic}
   size_t MinHeapDeltaBytes                        = 524288                                    {product} {ergonomic}
   size_t MinHeapSize                              = 104857600                                 {product} {command line}
   size_t NewSize                                  = 34603008                                  {product} {ergonomic}
    uintx NonNMethodCodeHeapSize                   = 5832780                                {pd product} {ergonomic}
    uintx NonProfiledCodeHeapSize                  = 122912730                              {pd product} {ergonomic}
   size_t OldSize                                  = 70254592                                  {product} {ergonomic}
    uintx ProfiledCodeHeapSize                     = 122912730                              {pd product} {ergonomic}
    uintx ReservedCodeCacheSize                    = 251658240                              {pd product} {ergonomic}
     bool SegmentedCodeCache                       = true                                      {product} {ergonomic}
   size_t SoftMaxHeapSize                          = 2147483648                             {manageable} {ergonomic}
     bool UseCompressedOops                        = true                           {product lp64_product} {ergonomic}
     bool UseLargePagesIndividualAllocation        = false                                  {pd product} {ergonomic}
     bool UseParallelGC                            = true                                      {product} {command line}

Logging:
Log output configuration:
 #0: stdout all=off uptime,level,tags foldmultilines=false
 #1: stderr all=off uptime,level,tags foldmultilines=false

Release file:
JAVA_VERSION="21.0.12.1" 
MODULES="java.base java.compiler java.datatransfer java.xml java.prefs java.desktop java.instrument java.logging java.management java.security.sasl java.naming java.rmi java.management.rmi java.net.http java.scripting java.security.jgss java.transaction.xa java.sql java.sql.rowset java.xml.crypto java.se java.smartcardio jdk.accessibility jdk.internal.jvmstat jdk.attach jdk.charsets jdk.internal.opt jdk.zipfs jdk.compiler jdk.crypto.ec jdk.crypto.cryptoki jdk.crypto.mscapi jdk.dynalink jdk.internal.ed jdk.editpad jdk.hotspot.agent jdk.httpserver jdk.internal.le jdk.internal.vm.ci jdk.internal.vm.compiler jdk.internal.vm.compiler.management jdk.jartool jdk.javadoc jdk.jcmd jdk.management jdk.management.agent jdk.jconsole jdk.jdeps jdk.jdwp.agent jdk.jdi jdk.jfr jdk.jshell jdk.jsobject jdk.jstatd jdk.localedata jdk.management.jfr jdk.naming.dns jdk.naming.rmi jdk.net jdk.nio.mapmode jdk.random jdk.sctp jdk.security.auth jdk.security.jgss jdk.unsupported jdk.unsupported.desktop jdk.xml.dom" 

Environment Variables:
JAVA_HOME=C:\Program Files\Java\jdk-17
PATH=C:\Program Files\Common Files\Oracle\Java\javapath;C:\Program Files (x86)\Common Files\Oracle\Java\java8path;C:\Program Files (x86)\Common Files\Oracle\Java\javapath;C:\Python313\Scripts\;C:\Python313\;C:\WINDOWS\system32;C:\WINDOWS;C:\WINDOWS\System32\Wbem;C:\WINDOWS\System32\WindowsPowerShell\v1.0\;C:\WINDOWS\System32\OpenSSH\;C:\Program Files\nodejs\;C:\ProgramData\chocolatey\bin;%ANDROID_HOME%\platform-tools;%ANDROID_HOME%\emulator;C:\Python313\Scripts;C:\Users\user\AppData\Local\Programs\Python\Python313\Scripts;C:\mingw64\bin;C:\xampp\php;C:\ProgramData\ComposerSetup\bin;C:\Program Files\Git\cmd;C:\Program Files (x86)\Nmap\;C:\Program Files\Nmap\;C:\Program Files\PostgreSQL\17\bin;;C:\Users\user\AppData\Local\Muse Hub\lib;C:\Program Files\Docker\Docker\resources\bin;C:\Users\user\AppData\Local\agy\bin;C:\Users\user\AppData\Local\Microsoft\WindowsApps;C:\Users\user\AppData\Roaming\npm;C:\Program Files\Java\jdk-17\bin;C:\mingw64\bin;C:\Users\user\AppData\Roaming\Composer\vendor\bin;C:\Program Files (x86)\Nmap;C:\Users\user\AppData\Local\Programs\Antigravity\bin;C:\Users\user\AppData\Local\Muse Hub\lib;C:\Users\user\.lmstudio\bin;C:\Users\user\AppData\Local\Microsoft\WindowsApps;C:\Users\user\AppData\Local\Programs\Antigravity IDE\bin;C:\Users\user\AppData\Local\Programs\Microsoft VS Code\bin
USERNAME=user
OS=Windows_NT
PROCESSOR_IDENTIFIER=AMD64 Family 23 Model 24 Stepping 1, AuthenticAMD
TMP=C:\Users\user\AppData\Local\Temp
TEMP=C:\Users\user\AppData\Local\Temp




Periodic native trim disabled

---------------  S Y S T E M  ---------------

OS:
 Windows 11 , 64 bit Build 26100 (10.0.26100.9444)
OS uptime: 0 days 14:12 hours
Hyper-V role detected

CPU: total 4 (initial active 4) (4 cores per cpu, 2 threads per core) family 23 model 24 stepping 1 microcode 0x8108109, cx8, cmov, fxsr, ht, mmx, 3dnowpref, sse, sse2, sse3, ssse3, sse4a, sse4.1, sse4.2, popcnt, lzcnt, tsc, tscinvbit, avx, avx2, aes, clmul, bmi1, bmi2, adx, sha, fma, vzeroupper, clflush, clflushopt, hv, rdtscp, f16c
Processor Information for the first 4 processors :
  Max Mhz: 2600, Current Mhz: 2600, Mhz Limit: 2600

Memory: 4k page, system-wide physical 18369M (263M free)
TotalPageFile size 48770M (AvailPageFile size 10M)
current process WorkingSet (physical memory assigned to process): 336M, peak: 1479M
current process commit charge ("private bytes"): 632M, peak: 1901M

vm_info: OpenJDK 64-Bit Server VM (21.0.12.1+1-LTS) for windows-amd64 JRE (21.0.12.1+1-LTS), built on 2026-08-18T00:00:00Z by "admin" with MS VC++ 17.12 (VS2022)

END.
